50 Hits LSD - 150ug,0.0448 ?,http://brmagic7souidyxq.onion//l/login.php
1g DMT Freebase,0.0113 ?,http://brmagic7souidyxq.onion//l/login.php
10g DMT Freebase,0.0896 ?,http://brmagic7souidyxq.onion//l/login.php
100 Hits LSD - 150ug,0.073 ?,http://brmagic7souidyxq.onion//l/login.php
10g Mescaline HCL pure,0.0952 ?,http://brmagic7souidyxq.onion//l/login.php
10 Hits LSD - 150ug,0.0113 ?,http://brmagic7souidyxq.onion//l/login.php
1g Mescaline HCL pure,0.0135 ?,http://brmagic7souidyxq.onion//l/login.php
1x Ice Speed Pill,?0.0066,http://drugstom3mhpiaud.onion//l/login.php
Concerta (Methylphenidate) 18mg,?0.0066,http://drugstom3mhpiaud.onion//l/login.php
Full Gram Crack Cocaine (1.0g),?0.0221,http://drugstom3mhpiaud.onion//l/login.php
MDMA Crystals 84%+ UNCUT- Half Ounce (14.0g),?0.0472,http://drugstom3mhpiaud.onion//l/login.php
MDMA Crystals 84%+ UNCUT- Full Ounce (28.0g),?0.0856,http://drugstom3mhpiaud.onion//l/login.php
2x Ice Speed Pills,?0.0084,http://drugstom3mhpiaud.onion//l/login.php
Concerta (Methylphenidate) 54mg,?0.0103,http://drugstom3mhpiaud.onion//l/login.php
5x Ice Speed Pills,?0.0221,http://drugstom3mhpiaud.onion//l/login.php
10x Vials HASH OIL (7.0g),?0.0266,http://drugstom3mhpiaud.onion//l/login.php
2xFULL GRAMS COCAINE,?0.0310,http://drugstom3mhpiaud.onion//l/login.php
MDMA Crystals 84%+ UNCUT- 3.5 Grams (3.5g),?0.0162,http://drugstom3mhpiaud.onion//l/login.php
2X Vials HASH OIL,?0.0096,http://drugstom3mhpiaud.onion//l/login.php
FULL WEIGHED GRAM COCAINE (1.0g),?0.0192,http://drugstom3mhpiaud.onion//l/login.php
Methaqualone Powder (Quaaludes) 1 Gram,?0.0111,http://drugstom3mhpiaud.onion//l/login.php
1x Vial HASH OIL (0.7g),?0.0074,http://drugstom3mhpiaud.onion//l/login.php
QUARTER OZ COCAINE (7.0g),?0.0782,http://drugstom3mhpiaud.onion//l/login.php
Northern Lights Automatic X20 - Seeds Cannabis,$ 14.00,http://wzvsz3g6dodj2fyh.onion//product/94
100 Tabs LSD,$ 299.00,http://wzvsz3g6dodj2fyh.onion//product/119
Alaskan Thunder Fuck- Cannabis 50g,$ 199.00,http://wzvsz3g6dodj2fyh.onion//product/74
Pure Love - Cannabis 20g,$ 39.00,http://wzvsz3g6dodj2fyh.onion//product/88
100 Pills Ecstasy Blue Android 200/220mg,$ 99.00,http://wzvsz3g6dodj2fyh.onion//product/114
10 X 250mg BATMAN XTC Pills - Ecstasy,$ 19.00,http://wzvsz3g6dodj2fyh.onion//product/112
Alaskan Thunder Fuck- Cannabis 100g,$ 349.00,http://wzvsz3g6dodj2fyh.onion//product/75
50 Gram Crystal Meth,$ 399.00,http://wzvsz3g6dodj2fyh.onion//product/125
120 Tab LSD 200UG,$ 309.00,http://wzvsz3g6dodj2fyh.onion//product/121
Pure Skinny FishScale Cocaine 1g,$ 89.00,http://wzvsz3g6dodj2fyh.onion//product/104
XTC pills mix 20 - SAMPLE PACK 30$,$ 29.00,http://wzvsz3g6dodj2fyh.onion//product/115
10 X Gold Bar 260mg - Ecstasy,$ 20.00,http://wzvsz3g6dodj2fyh.onion//product/110
Pure Fish Scale Cocaine 1g,$ 399.00,http://wzvsz3g6dodj2fyh.onion//product/109
5 Gram Crystal Meth HQ CRYSTAL,$ 49.00,http://wzvsz3g6dodj2fyh.onion//product/127
30 Tabs LSD 200ug,$ 99.00,http://wzvsz3g6dodj2fyh.onion//product/120
5 x XTC Pills 250mg - Ecstasy,$ 10.00,http://wzvsz3g6dodj2fyh.onion//product/117
x10 LSD (Acid / LSD Tabs) 250ug,$ 39.00,http://wzvsz3g6dodj2fyh.onion//product/123
Double Gum X20 - Seeds Cannabis,$ 14.00,http://wzvsz3g6dodj2fyh.onion//product/91
High Quality Cocaine 1g,$ 169.00,http://wzvsz3g6dodj2fyh.onion//product/108
100XTC PILLS Dolphins 180mg - Ecstasy,$ 119.00,http://wzvsz3g6dodj2fyh.onion//product/113
Feminized Mix X20 - Seeds Cannabis,$ 14.00,http://wzvsz3g6dodj2fyh.onion//product/93
Afghan Kush - Cannabis 50g,$ 90.00,http://wzvsz3g6dodj2fyh.onion//product/71
Mexican SativaÂ® X20 - Seeds Cannabis,$ 14.00,http://wzvsz3g6dodj2fyh.onion//product/95
100gram Pure Methylone Crystals,$ 649.00,http://wzvsz3g6dodj2fyh.onion//product/128
60 Tabs LSD Blostters (200ug),$ 179.00,http://wzvsz3g6dodj2fyh.onion//product/124
Columbia Cocaine 1g,$ 69.00,http://wzvsz3g6dodj2fyh.onion//product/106
High Grade Cocaine 91% Pure 1g,$ 29.00,http://wzvsz3g6dodj2fyh.onion//product/105
Master Kush Feminized X20 - Seeds Cannabis,$ 14.00,http://wzvsz3g6dodj2fyh.onion//product/96
Shiva Shanti IIÂ® X20 - Seeds Cannabis,$ 14.00,http://wzvsz3g6dodj2fyh.onion//product/97
Synthetic Coke 1g,$ 33.00,http://wzvsz3g6dodj2fyh.onion//product/107
10 X F.C. - Ecstasy,$ 59.00,http://wzvsz3g6dodj2fyh.onion//product/111
Asteroid OG - Cannabis 20g,$ 90.00,http://wzvsz3g6dodj2fyh.onion//product/77
30 Gram CRYSTAL METH/ SPEED,$ 299.00,http://wzvsz3g6dodj2fyh.onion//product/130
Afghan Kush - Cannabis 100g,$ 159.00,http://wzvsz3g6dodj2fyh.onion//product/72
5 Gram CRYSTAL METHS PURE,$ 59.00,http://wzvsz3g6dodj2fyh.onion//product/126
Black Label Kush - Cannabis 20g,$ 79.00,http://wzvsz3g6dodj2fyh.onion//product/78
Walther P99 - 9mm - new and unused,650 GBP = 0.11841 ?,
Glock 19 - 9mm - new and unused,500 GBP = 0.09109 ?,
100 x 9mm Bullets for Walther P99,50 GBP = 0.00911 ?,
100 x 9mm Bullets for Glock 19,50 GBP = 0.00911 ?,
Glock 19X American Flag,$690.00,http://markethphla6dglv.onion/?product=glock-19x-american-flag
Ruger AR556,"$2,100.00",http://markethphla6dglv.onion/?product=ruger-ar556
Winchester Lake City 5.56 NATO Ammo 1000,$178.00,http://markethphla6dglv.onion/?product=223-remington-5-56-10-boxes-of-20-200-rnds
9mm â€“ 115 Grain FMJ â€“ Tula â€“ 1000 Rounds,$290.00,http://markethphla6dglv.onion/?product=9mm-115-grain-fmj-tula-1000-rounds
IWI Uzi SMG .22 LR Walther,$390.00,http://markethphla6dglv.onion/?product=iwi-uzi-smg-22-lr-walther
Beretta M92,$550.00,http://markethphla6dglv.onion/?product=beretta-m92
Glock 19X American Flag,$750.00,http://markethphla6dglv.onion/?product=glock-19x-american-flag
Colt Mustang Pocketlite .380,$460.00,http://markethphla6dglv.onion/?product=colt-mustang-pocketlite-380
9mm â€“ 115 Grain FMJ â€“ Tula â€“ 1000 Rounds,$300.00,http://markethphla6dglv.onion/?product=9mm-115-grain-fmj-tula-1000-rounds
Bluegrass Armory Moonshiner Bullpup .308 Winchester,"$1,580.00",http://markethphla6dglv.onion/?product=bluegrass-armory-moonshiner-bullpup-308-winchester
Glock 41 Gen 4,$550.00,http://markethphla6dglv.onion/?product=glock-41-gen-4
Saiga AK 47 Izhmash,"$3,100.00",http://markethphla6dglv.onion/?product=saiga-ak-47-izhmash
Remington Rand 1911,"$6,000.00",http://markethphla6dglv.onion/?product=remington-rand-1911
GLOCK 17 GEN4,$780.00,http://markethphla6dglv.onion/?product=glock-17-gen4
Century Arms Centurion 39 AK 7.62Ã—39,$680.00,http://markethphla6dglv.onion/?product=century-arms-centurion-39-ak-7-62x39
"ammo SIG Sauer P226 AL SO DAO, Kal. 9mmP(100 per box)",$144.00,http://markethphla6dglv.onion/?product=ammo-sig-sauer-p226-al-so-dao-kal-9mmp50-per-box
.380 ACP Ammunition 95 Grain FMJ 980 fps,$149.00,http://markethphla6dglv.onion/?product=380-acp-fmj-50-per-box
Glock 43X 9mm,$750.00,http://markethphla6dglv.onion/?product=glock-43x-9mm
5.56 NATO 55 GR FMJ 1000 Round Case,$320.00,http://markethphla6dglv.onion/?product=5-56-nato-55-gr-fmj-1000-round-case
40 S&W Ammunition 800 Rounds Two Ammo Cans,$139.00,http://markethphla6dglv.onion/?product=40-sw-fmj-50-per-box
GLOCK G40 G4,$950.00,http://markethphla6dglv.onion/?product=glock-g40-g4
9mm Ammo Brown Bear Luger 115gr FMJ Steel,$148.00,http://markethphla6dglv.onion/?product=9mm-ammo-115gr-fmj-50-per-box
Hi Point .40 S&W Carbine w/ 3 Mags,$210.00,http://markethphla6dglv.onion/?product=hi-point-40-sw-carbine-w-3-mags
Fiocchi .308 Win Ammunition 180 Grain Hornady,$205.00,http://markethphla6dglv.onion/?product=308-win-7-62x51-5-boxes-of-20-100-rnds
308 â€“ 150 Grain FMJ â€“ Tula â€“ 500 Rounds,$300.00,http://markethphla6dglv.onion/?product=308-150-grain-fmj-tula-500-rounds
Glock 43X 9mm,$680.00,http://markethphla6dglv.onion/?product=glock-43x-9mm
Browning BPT Target .45 ACP Ammunition 230 Grain FMJ 920 fps,$139.00,http://markethphla6dglv.onion/?product=45-acp-fmj50-per-box
Ruger 10/22,"$2,500.00",http://markethphla6dglv.onion/?product=ruger-10-22
Ak 47 (7.62Ã—39),$990.00,http://markethphla6dglv.onion/?product=ak-47-7-62x39
"ammo Walther PPK, Kal.7,65(2Ã—100 per box=200)",$156.00,http://markethphla6dglv.onion/?product=ammo-walther-ppk-kal-76550-per-box
Beretta 92A1,$502.00,http://markethphla6dglv.onion/?product=beretta-92a1
CZ-USA CZ 75,$480.00,http://markethphla6dglv.onion/?product=cz-usa-cz-75
"ammo Desert Eagle IMI, Kal.44(100 per box)",$172.00,http://markethphla6dglv.onion/?product=ammo-desert-eagle-imi-kal-4450-per-box
Sig Sauer P320,$496.00,http://markethphla6dglv.onion/?product=sig-sauer-p320
CZ Scorpion Evo 3 S1,$750.00,http://markethphla6dglv.onion/?product=cz-scorpion-evo-3-s1
Sig Sauer P320,$516.00,http://markethphla6dglv.onion/?product=sig-sauer-p320
Glock 26 Gen 4,$550.00,http://markethphla6dglv.onion/?product=glock-26-gen-4
Glock 19 Gen 3,$395.00,http://markethphla6dglv.onion/?product=glock-19-gen-3
Springfield Saint,"$1,900.00",http://markethphla6dglv.onion/?product=springfield-saint
Glock G17 Gen5,$650.00,http://markethphla6dglv.onion/?product=glock-g17-gen5
SIG SAUER P365,$750.00,http://markethphla6dglv.onion/?product=sig-sauer-p365
Winchester 5.56 NATO Ammunition 900 Rounds,$159.00,http://markethphla6dglv.onion/?product=22lr-remington-10-boxes-of-50-500-rnds
Ak 47 (7.62Ã—39),"$1,050.00",http://markethphla6dglv.onion/?product=ak-47-7-62x39
COLT OFFICERâ€™S MODEL,"$1,700.00",http://markethphla6dglv.onion/?product=colt-officers-model
Ruger Precision,"$3,900.00",http://markethphla6dglv.onion/?product=ruger-precision
Springfield Saint,"$1,850.00",http://markethphla6dglv.onion/?product=springfield-saint
Colt AR15,"$2,200.00",http://markethphla6dglv.onion/?product=colt-ar15
50 x Original Kamagra 100mg,0.0184 ?,http://bitpharplh2t5fxm.onion//l/login.php
500 x Generic Viagra 100mg,0.0642 ?,http://bitpharplh2t5fxm.onion//l/login.php
25g pure Cocaine,0.2531 ?,http://bitpharplh2t5fxm.onion//l/login.php
50 x LSD Blotter 200yg Hofmann,0.0552 ?,http://bitpharplh2t5fxm.onion//l/login.php
10g pure Speed,0.0165 ?,http://bitpharplh2t5fxm.onion//l/login.php
100g pure Speed,0.1194 ?,http://bitpharplh2t5fxm.onion//l/login.php
100 x Xanax 2mg,0.0285 ?,http://bitpharplh2t5fxm.onion//l/login.php
5g pure Cocaine,0.0691 ?,http://bitpharplh2t5fxm.onion//l/login.php
"10g DMT freebase, pure",0.1566 ?,http://bitpharplh2t5fxm.onion//l/login.php
100g Ketamine Crystals,0.1656 ?,http://bitpharplh2t5fxm.onion//l/login.php
50g pure Speed,0.0717 ?,http://bitpharplh2t5fxm.onion//l/login.php
10g pure Crystal Meth,0.074 ?,http://bitpharplh2t5fxm.onion//l/login.php
2g pure Crystal Meth,0.0184 ?,http://bitpharplh2t5fxm.onion//l/login.php
"1g DMT freebase, pure",0.0199 ?,http://bitpharplh2t5fxm.onion//l/login.php
10 x 30mg Oxycodone (Oxycodone Hydrochloride),0.0293 ?,http://bitpharplh2t5fxm.onion//l/login.php
50 x 30mg Oxycodone (Oxycodone Hydrochloride),0.1104 ?,http://bitpharplh2t5fxm.onion//l/login.php
2g pure Cocaine,0.0295 ?,http://bitpharplh2t5fxm.onion//l/login.php
100 x Generic Viagra 100mg,0.0184 ?,http://bitpharplh2t5fxm.onion//l/login.php
10 x LSD Blotter 200yg Hofmann,0.0156 ?,http://bitpharplh2t5fxm.onion//l/login.php
50g MDMA Crystals,0.184 ?,http://bitpharplh2t5fxm.onion//l/login.php
100 x LSD Blotter 200yg Hofmann,0.101 ?,http://bitpharplh2t5fxm.onion//l/login.php
1g pure Cocaine,0.0156 ?,http://bitpharplh2t5fxm.onion//l/login.php
100 x Generic Cialis 20mg,0.0184 ?,http://bitpharplh2t5fxm.onion//l/login.php
5 ounces of Original Haze,465 USD = 0.06828 ?,
1 ounce of Original Haze,130 USD = 0.01909 ?,
1 ounce of OG Kush,135 USD = 0.01982 ?,
5 ounces of OG Kush,475 USD = 0.06974 ?,
"Scorpion CZ 91S, SA 61 AutomaticPrice: ˆ700=?0.1117","Scorpion CZ 91S, SA 61 AutomaticPrice: ˆ700=?0.1117",
Glock 22 IV kal.40SW.Price: ˆ600=?0.0958,Glock 22 IV kal.40SW.Price: ˆ600=?0.0958,
CZ 858 Tactical P Semi automaticPrice: ˆ600=?0.0958,CZ 858 Tactical P Semi automaticPrice: ˆ600=?0.0958,
Springfield 1911A1 cal. 45Price: ˆ700=?0.1117,Springfield 1911A1 cal. 45Price: ˆ700=?0.1117,
"CZ 75, special editionPrice: ˆ600=?0.0958","CZ 75, special editionPrice: ˆ600=?0.0958",
"RPG-75 68mm 3.1 kg (Complete) 630mm (Stowed), 890mm (Extended)Price: ˆ450=?0.0718","RPG-75 68mm 3.1 kg (Complete) 630mm (Stowed), 890mm (Extended)Price: ˆ450=?0.0718",
"CZ 75D, Compact PCR 9mmPrice: ˆ600=?0.0958","CZ 75D, Compact PCR 9mmPrice: ˆ600=?0.0958",
CZ 75B 9mm Luger+Adapter Kadet .2Price: ˆ700=?0.1117,CZ 75B 9mm Luger+Adapter Kadet .2Price: ˆ700=?0.1117,
Sig Sauer P229S .357Price: ˆ1000=?0.1596,Sig Sauer P229S .357Price: ˆ1000=?0.1596,
CZ 75 SP - 01 Shadow 9mm LugerPrice: ˆ700=?0.1117,CZ 75 SP - 01 Shadow 9mm LugerPrice: ˆ700=?0.1117,
Glock 9x21 with supressorePrice: ˆ700=?0.1117,"AR15, 5.56 NATO Price: ˆ880=?0.1405",
"Glock 17, 3.gen, 9x19mmPrice: ˆ600=?0.0958","Glock 17, 3.gen, 9x19mmPrice: ˆ600=?0.0958",
"CZ 858 Tactical 7,62x39Price: ˆ700=?0.1117","CZ 858 Tactical 7,62x39Price: ˆ700=?0.1117",
Glock 17 IV kal.9LugerPrice: ˆ600=?0.0958,Glock 17 IV kal.9LugerPrice: ˆ600=?0.0958,
"Glock 21c, .45 automatic colt pistolPrice: ˆ600=?0.0958","Glock 21c, .45 automatic colt pistolPrice: ˆ600=?0.0958",
Remington 1911 R1 .45ACPPrice: ˆ600=?0.0958,Remington 1911 R1 .45ACPPrice: ˆ600=?0.0958,
"Glock 19 gen. 4, ca. 9x19mmPrice: ˆ600=?0.0958","Glock 19 gen. 4, ca. 9x19mmPrice: ˆ600=?0.0958",
CZ Scorpion EVO 3 A1Price: ˆ1150=?0.1836,Glock30 4GEN kal.45ACP Price: ˆ700=?0.1117,
CZ 75 SP - 01 Shadow 9mm LugerPrice: ˆ600=?0.0958,Shot Gun Benelli M1 with collimatorPrice: ˆ600=?0.0958,
CZ 858 Tactical P Semi automaticPrice: ˆ600=?0.0958,Nightforce ATACR 5-25-56 ZerostopPrice: ˆ1300=?0.2075,
Sig Pro SP2009 9mm LugerPrice: ˆ650=?0.1038,Sig Pro SP2009 9mm LugerPrice: ˆ650=?0.1038,
CZ 75 SP - 01 Shadow 9mm LugerPrice: ˆ600=?0.0958,CZ 75 SP - 01 Shadow 9mm LugerPrice: ˆ600=?0.0958,
"Walther P38, The production year 1944Price: ˆ600=?0.0958","Walther P38, The production year 1944Price: ˆ600=?0.0958",
Gock 34 4Gen kal.9LUGERPrice: ˆ700=?0.1117,Gock 34 4Gen kal.9LUGERPrice: ˆ700=?0.1117,
CZ 85 9mm LugerPrice: ˆ600=?0.0958,CZ 85 9mm LugerPrice: ˆ600=?0.0958,
RPG-7D Several Sizes of Overcaliber Rockets 6.3 kg 650mm/950mmPrice: ˆ1100=?0.1756,RPG-7D Several Sizes of Overcaliber Rockets 6.3 kg 650mm/950mmPrice: ˆ1100=?0.1756,
"CZ 75B, 9mm LugerPrice: ˆ600=?0.0958","CZ 75B, 9mm LugerPrice: ˆ600=?0.0958",
GLOCK 19 Gen4 9mm LugerPrice: ˆ600=?0.0958,GLOCK 19 Gen4 9mm LugerPrice: ˆ600=?0.0958,
Springfield Armory Colt 1911 0.45Price: ˆ700=?0.1117,Springfield Armory Colt 1911 0.45Price: ˆ700=?0.1117,
"Glock 17 Luger, 9x19+ Lamp original GlockPrice: ˆ700=?0.1117","Glock 17 Luger, 9x19+ Lamp original GlockPrice: ˆ700=?0.1117",
Beretta 92 FS INOXPrice: ˆ700=?0.1117,Beretta 92 FS INOXPrice: ˆ700=?0.1117,
Colt Police Positive MK V cal. 38Price: ˆ600=?0.0958,Colt Police Positive MK V cal. 38Price: ˆ600=?0.0958,
GSG 5 SD cal.22LR with collimator Red DotPrice: ˆ600=?0.0958,GSG 5 SD cal.22LR with collimator Red DotPrice: ˆ600=?0.0958,
Beretta 92 FS 9mm LugerPrice: ˆ600=?0.0958,Beretta 92 FS 9mm LugerPrice: ˆ600=?0.0958,
Mini Uzi .45 ACP Price: ˆ960=?0.1532,Mini Uzi .45 ACP Price: ˆ960=?0.1532,
"Automatic feed Shot Gun Saiga 12K, cal.12/76Price: ˆ600=?0.0958","Automatic feed Shot Gun Saiga 12K, cal.12/76Price: ˆ600=?0.0958",
"CZ 75B, 9mmPrice: ˆ600=?0.0958","CZ 75B, 9mmPrice: ˆ600=?0.0958",
Glock 9x21 with supressorePrice: ˆ700=?0.1117,Glock 9x21 with supressorePrice: ˆ700=?0.1117,
CZ Scorpion EVO 3 A1Price: ˆ1150=?0.1836,CZ Scorpion EVO 3 A1Price: ˆ1150=?0.1836,
AK - 47 7.62x39Price: ˆ700=?0.1117,AK - 47 7.62x39Price: ˆ700=?0.1117,
Glock 26 IV kal.LugerPrice: ˆ600=?0.0958,Glock 26 IV kal.LugerPrice: ˆ600=?0.0958,
Springfield 1911 cal. 45 ACPPrice: ˆ700=?0.1117,Springfield 1911 cal. 45 ACPPrice: ˆ700=?0.1117,
"Glock 17 gen.4, 9x19mmPrice: ˆ700=?0.1117","Glock 17 gen.4, 9x19mmPrice: ˆ700=?0.1117",
CZ 75 SP - 01 Shadow 9mmPrice: ˆ700=?0.1117,CZ 75 SP - 01 Shadow 9mmPrice: ˆ700=?0.1117,
Sig Sauer P229 9mm LugerPrice: ˆ700=?0.1117,Sig Sauer P229 9mm LugerPrice: ˆ700=?0.1117,
GSG 5 .22LR with optics 6x32Price: ˆ600=?0.0958,GSG 5 .22LR with optics 6x32Price: ˆ600=?0.0958,
"Ruger KGP 161, 357 MagnumPrice: ˆ600=?0.0958","Ruger KGP 161, 357 MagnumPrice: ˆ600=?0.0958",
CZ SP-01 Shadow duotone 9 mm LugerPrice: ˆ700=?0.1117,CZ SP-01 Shadow duotone 9 mm LugerPrice: ˆ700=?0.1117,
"GSG  5, cal.22LR Price: ˆ500=?0.0798","GSG  5, cal.22LR Price: ˆ500=?0.0798",
GL42 IV kal.380 AUTOPrice: ˆ500=?0.0798,GL42 IV kal.380 AUTOPrice: ˆ500=?0.0798,
Sniper Rifle SVD DragunovPrice: ˆ1500=?0.2394,Sniper Rifle SVD DragunovPrice: ˆ1500=?0.2394,
"CZ 858 Tactical 7,62x39Price: ˆ700=?0.1117",STI LS 40 cal. 40 SWPrice: ˆ650=?0.1038,
"Pistol CZ Tactical with collimator, 9x19Price: ˆ1100=?0.1756","Pistol CZ Tactical with collimator, 9x19Price: ˆ1100=?0.1756",
Ruger Super Redhawk 44 MagnumPrice: ˆ700=?0.1117,Ruger Super Redhawk 44 MagnumPrice: ˆ700=?0.1117,
Springfield XD - M .40 S&WPrice: ˆ650=?0.1038,Springfield XD - M .40 S&WPrice: ˆ650=?0.1038,
CZ 83 Jane .22LRPrice: ˆ600=?0.0958,CZ 83 Jane .22LRPrice: ˆ600=?0.0958,
XTC â€“ green Chupa Chups 100~120mg â€“ SHINY-FLAKES EXCLUSIVE,4.00Â ˆ,http://amazingd64el2zty.onion/?product=shiny-flakes-xtc-grune-chupa-chups-100mg-exklusiv-bei-shiny-flakes
XTC â€“ Gold Bars / Goldbarren 200mg+,5.00Â ˆ,http://amazingd64el2zty.onion/?product=shiny-flakes-xtc-gold-bars-goldbarren-200mg
Mazar-i-Sharif Afghani Hash (Super Quality Seal â€“ ***),5.00Â ˆ,http://amazingd64el2zty.onion/?product=shiny-flakes-mazar-i-sharif-afghani-hash-super-quality-seal-2
Moroccan Super Polm Hash 6-******,12.00Â ˆ,http://amazingd64el2zty.onion/?product=shiny-flakes-moroccan-super-polm-hash-6
"Alprazolam 1mg ( Tafil , Xanax , Ksalol ) im Blister â€“ EU Ware",26.00Â ˆ,http://amazingd64el2zty.onion/?product=alprazolam-1mg-tafil-xanax-ksalol-im-blister-eu-ware
High-class Cocaine (Colombia/Peru),99.00Â ˆ,http://amazingd64el2zty.onion/?product=shiny-flakes-hochwertiges-kokain
MDMA 84% purity,21.00Â ˆ,http://amazingd64el2zty.onion/?product=shiny-flakes-mdma-86-reinheit
XTC â€“ pink Chupa Chups 130mg+,4.00Â ˆ,http://amazingd64el2zty.onion/?product=xtc-pink-chupa-chups
XTC â€“ red Chupa Chups 130mg,5.00Â ˆ,http://amazingd64el2zty.onion/?product=shiny-flakes-xtc-rote-chupa-chups-130mg
"Tramadol 200mg ( Tramal , Trodon ) im Blister â€“ EU Ware",29.00Â ˆ,http://amazingd64el2zty.onion/?product=tramadol-200mg-tramal-trodon-im-blister-eu-ware
Moroccan Super Polm Hash 4-****,8.00Â ˆ,http://amazingd64el2zty.onion/?product=shiny-flakes-moroccan-super-polm-hash-4
Delicious Speed Paste,4.00Â ˆ,http://amazingd64el2zty.onion/?product=speed-paste-72
XTC â€“ brown Mortal Kombat 70mg~80mg â€“ SHINY-FLAKES EXCLUSIVE,3.00Â ˆ,http://amazingd64el2zty.onion/?product=xtc-purple-mortal-kombat-70mg80mg-shiny-flakes-exclusive
XTC â€“ Heineken 200~250mg,5.00Â ˆ,http://amazingd64el2zty.onion/?product=xtc-heineken-200mg
Ice-o-Lator Hash 7-*******,16.00Â ˆ,http://amazingd64el2zty.onion/?product=ice-o-lator-hash-7
Shiny-Flakes XTC â€“ pink Burger King ~300mg â€“ EXKLUSIV BEI SHINY-FLAKES,6.00Â ˆ,http://amazingd64el2zty.onion/?product=shiny-flakes-xtc-pink-burger-king-250mg-exklusiv-bei-shiny-flakes
"Fentanyl 100 Âµg/h â€“ 16,8mg/42cmÂ² â€“ EU Ware",119.00Â ˆ,http://amazingd64el2zty.onion/?product=fentanyl-100-Âµgh-168mg42cmÂ²-eu-ware
XTC â€“ yellow UPS 200~250mg,5.00Â ˆ,http://amazingd64el2zty.onion/?product=xtc-yellow-ups-200250mg
XTC â€“ Lucky Clovers / GlÃ¼ckskleeblÃ¤tter 130mg+,4.00Â ˆ,http://amazingd64el2zty.onion/?product=shiny-flakes-xtc-lucky-clovers-gluckskleeblatter-130mg
Clean Meth,119.00Â ˆ,http://amazingd64el2zty.onion/?product=shiny-flakes-sauberes-meth
LSD â€“ Anonymous 140Âµg blotters,7.00Â ˆ,http://amazingd64el2zty.onion/?product=lsd-anonymous-140Âµg-blotters
Glock 22,Price : 650$ (0.09357202 BTC),
Beretta 92FS t,Price : 650$ (0.09357202 BTC),
7g Organic White Russian,70 EUR = 0.01082 ?,
50g Organic Chronic,295 EUR = 0.04559 ?,
14g Organic Chronic,120 EUR = 0.01855 ?,
50g Organic White Russian,295 EUR = 0.04559 ?,
7g Organic Chronic,70 EUR = 0.01082 ?,
3.5g Organic White Russian,42 EUR = 0.00649 ?,
3.5g Organic Chronic,42 EUR = 0.00649 ?,
14g Organic White Russian,120 EUR = 0.01855 ?,
100g Marocc Hash,350 EUR = 0.05539 ?,
500g Marocc Hash,1500 EUR = 0.23740 ?,
50g Marocc Hash,200 EUR = 0.03165 ?,
Kamagra Soft 100mg x 100,78 GBP = 0.01384 ?,
Kamagra Soft 100mg x 52,50 GBP = 0.00887 ?,
Kamagra 100mg x 100,78 GBP = 0.01384 ?,
Kamagra Effervescent 100mg x 35,49 GBP = 0.00870 ?,
Apcalis 20mg x 12,23 GBP = 0.00408 ?,
Apcalis 20mg x 8,16 GBP = 0.00284 ?,
Super Kamagra 100mg x 12,47 GBP = 0.00834 ?,
Kamagra Polo 100mg x 14,24 GBP = 0.00426 ?,
Kamagra Polo 100mg x 35,49 GBP = 0.00870 ?,
Kamagra Polo 100mg x 7,15 GBP = 0.00266 ?,
Super Kamagra 100mg x 8,35 GBP = 0.00621 ?,
Kamagra Oral Jelly 100mg x 49,100 GBP = 0.01775 ?,
Kamagra Oral Jelly 100mg x 7,18 GBP = 0.00319 ?,
Kamagra Oral Jelly 100mg x 21,50 GBP = 0.00887 ?,
Kamagra Oral Jelly 100mg x 14,35 GBP = 0.00621 ?,
Apcalis Oral Jelly 20mg x 10,20 GBP = 0.00355 ?,
Kamagra Soft 100mg x 12,16 GBP = 0.00284 ?,
Apcalis Oral Jelly 20mg x 200,330 GBP = 0.05857 ?,
Super Kamagra 100mg x 24,70 GBP = 0.01242 ?,
Super Kamagra 100mg x 100,220 GBP = 0.03904 ?,
Kamagra 100mg x 24,28 GBP = 0.00497 ?,
Super Kamagra 100mg x 52,140 GBP = 0.02485 ?,
Kamagra Soft 100mg x 24,28 GBP = 0.00497 ?,
Kamagra Effervescent 100mg x 7,15 GBP = 0.00266 ?,
Kamagra Polo 100mg x 21,35 GBP = 0.00621 ?,
Apcalis Oral Jelly 20mg x 50,90 GBP = 0.01597 ?,
Apcalis Oral Jelly 20mg x 100,175 GBP = 0.03106 ?,
Apcalis 20mg x 52,73 GBP = 0.01296 ?,
Kamagra Effervescent 100mg x 14,24 GBP = 0.00426 ?,
Kamagra 100mg x 12,15 GBP = 0.00266 ?,
Apcalis 20mg x 16,29 GBP = 0.00515 ?,
Kamagra Effervescent 100mg x 21,35 GBP = 0.00621 ?,
Kamagra 100mg x 52,50 GBP = 0.00887 ?,
Apcalis Oral Jelly 20mg x 20,38 GBP = 0.00674 ?,
Super Kamagra 100mg x 4,18 GBP = 0.00319 ?,
Kamagra Oral Jelly 100mg x 28,62 GBP = 0.01100 ?,
Apcalis 20mg x 100,125 GBP = 0.02218 ?,
Apcalis 20mg x 24,42 GBP = 0.00745 ?,
5g Original Haze,65 EUR = 0.01029 ?,
1g Jack Herer,14 EUR = 0.00222 ?,
50g Jack Herer,480 EUR = 0.07597 ?,
5g Banana Kush,45 EUR = 0.00712 ?,
1g Banana Kush,11 EUR = 0.00174 ?,
"5g Ice-O-Lator Hash, finest quality",125 EUR = 0.01978 ?,
"1g Ice-O-Lator Hash, finest quality",35 EUR = 0.00554 ?,
50g Banana Kush,400 EUR = 0.06331 ?,
50g Original Haze,550 EUR = 0.08705 ?,
1g Original Haze,15 EUR = 0.00237 ?,
5g Jack Herer,60 EUR = 0.00950 ?,
10g Original Haze,110 EUR = 0.01741 ?,
10g Jack Herer,110 EUR = 0.01741 ?,
50 x LSD Blotter 200yg Hofmann,130 EUR = 0.02057 ?,
100 x capsules Tramadol - 150mg/capsule,95 EUR = 0.01504 ?,
10g pure synthetic Mescaline,750 EUR = 0.11870 ?,
2g pure Cocaine,130 EUR = 0.02057 ?,
1000 x Xanax 2mg,350 EUR = 0.05539 ?,
100g MDMA Crystals,220 EUR = 0.03482 ?,
1g pure Cocaine,75 EUR = 0.01187 ?,
500 x Xanax 2mg,215 EUR = 0.03403 ?,
100 x Generic Cialis 20mg,100 EUR = 0.01583 ?,
"10g DMT freebase, pure",850 EUR = 0.13453 ?,
250 x LSD Blotter 200yg Hofmann,380 EUR = 0.06014 ?,
5g pure Crystal Meth,120 EUR = 0.01899 ?,
50 x 80mg Oxycodone (Oxycodone Hydrochloride),600 EUR = 0.09496 ?,
"1g DMT freebase, pure",110 EUR = 0.01741 ?,
10 x 80mg Oxycodone (Oxycodone Hydrochloride),180 EUR = 0.02849 ?,
50g MDMA Crystals,140 EUR = 0.02216 ?,
1g pure synthetic Mescaline,80 EUR = 0.01266 ?,
100g Ketamine Crystals,780 EUR = 0.12345 ?,
10g pure Crystal Meth,200 EUR = 0.03165 ?,
5g pure Cocaine,250 EUR = 0.03957 ?,
500 x Generic Viagra 100mg,350 EUR = 0.05539 ?,
50g pure Crystal Meth,800 EUR = 0.12661 ?,
10g pure Speed,90 EUR = 0.01424 ?,
25g pure Cocaine,950 EUR = 0.15035 ?,
50g Ketamine Crystals,450 EUR = 0.07122 ?,
100g pure Speed,650 EUR = 0.10287 ?,
100 x Generic Viagra 100mg,100 EUR = 0.01583 ?,
50g pure Speed,390 EUR = 0.06172 ?,
100 x LSD Blotter 200yg Hofmann,200 EUR = 0.03165 ?,
50 x Original Kamagra 100mg,100 EUR = 0.01583 ?,
20g Purple Kush,140 GBP = 0.02485 ?,
50g Purple Kush,290 GBP = 0.05147 ?,
100g Purple Kush,550 GBP = 0.09761 ?,
Ruger LCP II,$459.00,http://5zkfuvtrpotg2nzd.onion/?product=ruger-lcp-ii
Ruger LCR,$619.00,http://5zkfuvtrpotg2nzd.onion/?product=mp-bodyguard-38
Glock G30S,$809.00,http://5zkfuvtrpotg2nzd.onion/?product=glock-g30s
Beretta Px4 Storm,$849.00,http://5zkfuvtrpotg2nzd.onion/wp-content/uploads/2019/07/px4stormfull_zoom002.jpg
Walther PPQ 45,$879.00,http://5zkfuvtrpotg2nzd.onion/?product=p99-as
Glock G17 Gen5,$799.00,http://5zkfuvtrpotg2nzd.onion/wp-content/uploads/2019/06/20035118.jpg
Springfield XD-M,$809.00,http://5zkfuvtrpotg2nzd.onion/?product=xd-m-4-5%e2%80%b3
9mm Luger,$799.00,http://5zkfuvtrpotg2nzd.onion/wp-content/uploads/2019/06/Walther_P99_LS_2796325w.jpg
Glock G21 Gen4,736.19,http://5zkfuvtrpotg2nzd.onion/?product=glock-g21-gen4
SIG P365,$749.00,http://5zkfuvtrpotg2nzd.onion/?product=sig-p365
Glock G19 Gen5,$799.00,http://5zkfuvtrpotg2nzd.onion/?product=glock-g19-gen5
Glock G26 Gen5,727.09,http://5zkfuvtrpotg2nzd.onion/?product=glock-g26-gen5
Beretta Px4 Storm,$849.00,http://5zkfuvtrpotg2nzd.onion/?product=beretta-px4-storm
CZ 75 B,$809.00,http://5zkfuvtrpotg2nzd.onion/?product=cz-75-b
Federal American Eagle XM80 (7.62 NATO),27.3,http://5zkfuvtrpotg2nzd.onion/?product=federal-american-eagle-xm80-7-62-nato
Glock G42,563.29,http://5zkfuvtrpotg2nzd.onion/wp-content/uploads/2019/07/p_GLO-90342__74394.1521864938.jpg
Glock G43,626.99,http://5zkfuvtrpotg2nzd.onion/?product=glock-g43
9mm Luger,$809.00,http://5zkfuvtrpotg2nzd.onion/?product_cat=9mm-luger&paged=2
Springfield XD-M,736.19,http://5zkfuvtrpotg2nzd.onion/?product=xd-m-4-5%e2%80%b3
9mm Luger,763.49,http://5zkfuvtrpotg2nzd.onion/wp-content/uploads/2019/07/VP9-Web.jpg
Federal American Eagle XM80 (7.62 NATO),$30.00,http://5zkfuvtrpotg2nzd.onion/?product=federal-american-eagle-xm80-7-62-nato
SIG P320,$749.00,http://5zkfuvtrpotg2nzd.onion/?product=p320
Beretta Px4 Storm,"$1,009.00",http://5zkfuvtrpotg2nzd.onion/?product=beretta-px4-storm
Glock G42,$459.00,http://5zkfuvtrpotg2nzd.onion/?product=glock-g42
Beretta 92 FS,$879.00,http://5zkfuvtrpotg2nzd.onion/?product=beretta-92-fs
Federal American Eagle (.38 Special),43.68,http://5zkfuvtrpotg2nzd.onion/wp-content/uploads/2019/08/Federal-American-Eagle-.38-Special.jpg
SIG P220,"1,191.19ˆ",http://5zkfuvtrpotg2nzd.onion/?product=sig-p220
Federal American Eagle (9mm Luger),$27.00,http://5zkfuvtrpotg2nzd.onion/?product=federal-american-eagle-9mm-luger
Beretta 92 FS,$879.00,http://5zkfuvtrpotg2nzd.onion/?post_type=product&paged=2
Federal American Eagle XM855 (5.56 NATO),$166.00,http://5zkfuvtrpotg2nzd.onion/?product=federal-american-eagle-xm855-5-56-nato
Federal American Eagle (.38 Special),$40.00,http://5zkfuvtrpotg2nzd.onion/?product=federal-american-eagle-38-special
Glock G26 Gen5,$799.00,http://5zkfuvtrpotg2nzd.onion/?product=glock-g26-gen5
Beretta 92 FS,799.89,http://5zkfuvtrpotg2nzd.onion/?product=beretta-92-fs
SIG P220,"$1,309.00",http://5zkfuvtrpotg2nzd.onion/?product=sig-p220
CZ 75 B,736.19,http://5zkfuvtrpotg2nzd.onion/wp-content/uploads/2019/06/15z_CZ75B9mm_L_91102_01102.jpg
Beretta Px4 Storm,772.59,http://5zkfuvtrpotg2nzd.onion/wp-content/uploads/2019/07/px4stormfull_zoom002.jpg
Federal American Eagle (.45 ACP),$50.00,http://5zkfuvtrpotg2nzd.onion/?product=federal-american-eagle-45-acp
Colt M4 Carabine,"1,145.69ˆ",http://5zkfuvtrpotg2nzd.onion/wp-content/uploads/2019/08/19010-DEFAULT-l.jpg
9mm Luger,727.09,http://5zkfuvtrpotg2nzd.onion/wp-content/uploads/2019/06/Walther_P99_LS_2796325w.jpg
Colt M4 Carabine,"$1,259.00",http://5zkfuvtrpotg2nzd.onion/wp-content/uploads/2019/08/19010-DEFAULT-l.jpg
Colt M4 Carabine,"$1,259.00",http://5zkfuvtrpotg2nzd.onion//?product=colt-m4-carabine&wmc-currency=USD
Heckler & Koch,$999.00,http://5zkfuvtrpotg2nzd.onion/wp-content/uploads/2019/07/HK45-BLACK-left-MARCH2013.jpg
Federal American Eagle (.380 ACP),$40.00,http://5zkfuvtrpotg2nzd.onion/?product=federal-american-eagle-380-acp
Heckler & Koch,909.09,http://5zkfuvtrpotg2nzd.onion/wp-content/uploads/2019/07/HK45-BLACK-left-MARCH2013.jpg
9mm Luger,$839.00,http://5zkfuvtrpotg2nzd.onion/wp-content/uploads/2019/07/VP9-Web.jpg
Federal American Eagle (.38 Special),$48.00,http://5zkfuvtrpotg2nzd.onion/wp-content/uploads/2019/08/Federal-American-Eagle-.38-Special.jpg
Glock G17 Gen5,727.09,http://5zkfuvtrpotg2nzd.onion/wp-content/uploads/2019/06/20035118.jpg
Glock G43,$689.00,http://5zkfuvtrpotg2nzd.onion/?product=glock-g43
Springfield XD-M,918.19,http://5zkfuvtrpotg2nzd.onion/wp-content/uploads/2019/07/kpc_5859.jpg
Federal Personal Defense HST (9mm Luger),62.79,http://5zkfuvtrpotg2nzd.onion/?product=federal-personal-defense-hst-9mm-luger
Glock G17 Gen5,$799.00,http://5zkfuvtrpotg2nzd.onion/?product=glock-g17-gen5
SIG P238,$789.00,http://5zkfuvtrpotg2nzd.onion/?product=sig-p238
Ruger LCP II,$749.00,http://5zkfuvtrpotg2nzd.onion/?product=ruger-lcp-ii
Walther PPQ 45,$879.00,http://5zkfuvtrpotg2nzd.onion/?product=walther-ppq-45
Glock G19 Gen5,727.09,http://5zkfuvtrpotg2nzd.onion/?product=glock-g19-gen5
Ruger LCP II,545.09,http://5zkfuvtrpotg2nzd.onion/wp-content/uploads/2019/08/52800-Smith-Wesson-Bodyguard-Gray-No-Laser-103039_1.jpg
Beretta 92 FS,$849.00,http://5zkfuvtrpotg2nzd.onion/?product=beretta-92-fs
SIG P320,681.59,http://5zkfuvtrpotg2nzd.onion/?product=p320
Beretta 92 FS,799.89,http://5zkfuvtrpotg2nzd.onion/wp-content/uploads/2019/06/92fs_zoom002.jpg
Glock G21 Gen4,$809.00,http://5zkfuvtrpotg2nzd.onion/?product=glock-g21-gen4
Colt M4 Carabine,"$1,259.00",http://5zkfuvtrpotg2nzd.onion/?product=colt-m4-carabine
Walther PPQ 45,799.89,http://5zkfuvtrpotg2nzd.onion/?product=walther-ppq-45
Walther PPQ 45,799.89,http://5zkfuvtrpotg2nzd.onion/wp-content/uploads/2019/07/Walther_PPQ-45_LS_2807076-800x800.jpg
Glock G17 Gen5,727.09,http://5zkfuvtrpotg2nzd.onion/?product=glock-g17-gen5
Federal Personal Defense HST (9mm Luger),$69.00,http://5zkfuvtrpotg2nzd.onion/?product=federal-personal-defense-hst-9mm-luger
Beretta 92 FS,$879.00,http://5zkfuvtrpotg2nzd.onion/wp-content/uploads/2019/06/92fs_zoom002.jpg
Colt M4 Carabine,"1,145.69ˆ",http://5zkfuvtrpotg2nzd.onion//?product=colt-m4-carabine&wmc-currency=EUR
Federal American Eagle (.38 Special),$48.00,http://5zkfuvtrpotg2nzd.onion/?product=federal-american-eagle-38-special
Heckler & Koch,$999.00,http://5zkfuvtrpotg2nzd.onion/?product=hk-vp9
SIG P220,918.19,http://5zkfuvtrpotg2nzd.onion/wp-content/uploads/2019/07/kpc_5859.jpg
Glock G30S,736.19,http://5zkfuvtrpotg2nzd.onion/?product=glock-g30s
Glock G42,$619.00,http://5zkfuvtrpotg2nzd.onion/?product=glock-g42
SIG P220,"$1,009.00",http://5zkfuvtrpotg2nzd.onion/wp-content/uploads/2019/07/kpc_5859.jpg
