"Номер","Наименование","Цена","Ссылка"
1,"1g Mescaline HCL pure","0.0134 ฿","http://brmagic7souidyxq.onion//l/login.php"
2,"50 Hits LSD - 150ug","0.0443 ฿","http://brmagic7souidyxq.onion//l/login.php"
3,"10g DMT Freebase","0.0886 ฿","http://brmagic7souidyxq.onion//l/login.php"
4,"1g DMT Freebase","0.0112 ฿","http://brmagic7souidyxq.onion//l/login.php"
5,"10 Hits LSD - 150ug","0.0112 ฿","http://brmagic7souidyxq.onion//l/login.php"
6,"10g Mescaline HCL pure","0.0941 ฿","http://brmagic7souidyxq.onion//l/login.php"
7,"100 Hits LSD - 150ug","0.0722 ฿","http://brmagic7souidyxq.onion//l/login.php"
8,"Concerta (Methylphenidate) 54mg","฿0.0102","http://drugstom3mhpiaud.onion//l/login.php"
9,"2xFULL GRAMS COCAINE","฿0.0307","http://drugstom3mhpiaud.onion//l/login.php"
10,"Concerta (Methylphenidate) 18mg","฿0.0066","http://drugstom3mhpiaud.onion//l/login.php"
11,"MDMA Crystals 84%+ UNCUT- Full Ounce (28.0g)","฿0.0847","http://drugstom3mhpiaud.onion//l/login.php"
12,"10x Vials HASH OIL (7.0g)","฿0.0263","http://drugstom3mhpiaud.onion//l/login.php"
13,"2X Vials HASH OIL","฿0.0095","http://drugstom3mhpiaud.onion//l/login.php"
14,"1x Ice Speed Pill","฿0.0066","http://drugstom3mhpiaud.onion//l/login.php"
15,"5x Ice Speed Pills","฿0.0219","http://drugstom3mhpiaud.onion//l/login.php"
16,"MDMA Crystals 84%+ UNCUT- Full Ounce (28.0g)","฿0.0846","http://drugstom3mhpiaud.onion//l/login.php"
17,"QUARTER OZ COCAINE (7.0g)","฿0.0773","http://drugstom3mhpiaud.onion//l/login.php"
18,"MDMA Crystals 84%+ UNCUT- 3.5 Grams (3.5g)","฿0.0161","http://drugstom3mhpiaud.onion//l/login.php"
19,"Full Gram Crack Cocaine (1.0g)","฿0.0219","http://drugstom3mhpiaud.onion//l/login.php"
20,"Methaqualone Powder (Quaaludes) 1 Gram","฿0.0109","http://drugstom3mhpiaud.onion//l/login.php"
21,"MDMA Crystals 84%+ UNCUT- 3.5 Grams (3.5g)","฿0.0160","http://drugstom3mhpiaud.onion//l/login.php"
22,"FULL WEIGHED GRAM COCAINE (1.0g)","฿0.0190","http://drugstom3mhpiaud.onion//l/login.php"
23,"1x Vial HASH OIL (0.7g)","฿0.0073","http://drugstom3mhpiaud.onion//l/login.php"
24,"MDMA Crystals 84%+ UNCUT- Half Ounce (14.0g)","฿0.0467","http://drugstom3mhpiaud.onion//l/login.php"
25,"2x Ice Speed Pills","฿0.0083","http://drugstom3mhpiaud.onion//l/login.php"
26,"QUARTER OZ COCAINE (7.0g)","฿0.0774","http://drugstom3mhpiaud.onion//l/login.php"
27,"2xFULL GRAMS COCAINE","฿0.0306","http://drugstom3mhpiaud.onion//l/login.php"
28,"Northern Lights Automatic X20 - Seeds Cannabis","$ 14.00","http://wzvsz3g6dodj2fyh.onion/product/94"
29,"Pure Love - Cannabis 20g","$ 39.00","http://wzvsz3g6dodj2fyh.onion/product/88"
30,"Pure Skinny FishScale Cocaine 1g","$ 89.00","http://wzvsz3g6dodj2fyh.onion/product/104"
31,"100 Pills Ecstasy Blue Android 200/220mg","$ 99.00","http://wzvsz3g6dodj2fyh.onion/product/114"
32,"XTC pills mix 20 - SAMPLE PACK 30$","$ 29.00","http://wzvsz3g6dodj2fyh.onion/product/115"
33,"30 Tabs LSD 200ug","$ 99.00","http://wzvsz3g6dodj2fyh.onion/product/120"
34,"60 Tabs LSD Blostters (200ug)","$ 179.00","http://wzvsz3g6dodj2fyh.onion/product/124"
35,"120 Tab LSD 200UG","$ 309.00","http://wzvsz3g6dodj2fyh.onion/product/121"
36,"High Quality Cocaine 1g","$ 169.00","http://wzvsz3g6dodj2fyh.onion/product/108"
37,"Master Kush Feminized X20 - Seeds Cannabis","$ 14.00","http://wzvsz3g6dodj2fyh.onion/product/96"
38,"30 Gram CRYSTAL METH/ SPEED","$ 299.00","http://wzvsz3g6dodj2fyh.onion/product/130"
39,"XTC pills mix 20 - SAMPLE PACK 30$","XTC pills mix 20 - SAMPLE PACK 30$","http://wzvsz3g6dodj2fyh.onion/product/115"
40,"5 Gram CRYSTAL METHS PURE","$ 59.00","http://wzvsz3g6dodj2fyh.onion/product/126"
41,"Mexican Sativa® X20 - Seeds Cannabis","$ 14.00","http://wzvsz3g6dodj2fyh.onion/product/95"
42,"Alaskan Thunder Fuck- Cannabis 100g","$ 349.00","http://wzvsz3g6dodj2fyh.onion/product/75"
43,"Double Gum X20 - Seeds Cannabis","$ 14.00","http://wzvsz3g6dodj2fyh.onion/product/91"
44,"x10 LSD (Acid / LSD Tabs) 250ug","$ 39.00","http://wzvsz3g6dodj2fyh.onion/product/123"
45,"10 X 250mg BATMAN XTC Pills - Ecstasy","$ 19.00","http://wzvsz3g6dodj2fyh.onion/product/112"
46,"100gram Pure Methylone Crystals","$ 649.00","http://wzvsz3g6dodj2fyh.onion/product/128"
47,"Alaskan Thunder Fuck- Cannabis 50g","$ 199.00","http://wzvsz3g6dodj2fyh.onion/product/74"
48,"1 gram Potassium Cyanide","$ 9.00","http://wzvsz3g6dodj2fyh.onion/product/129"
49,"5 x XTC Pills 250mg - Ecstasy","$ 10.00","http://wzvsz3g6dodj2fyh.onion/product/117"
50,"5 Gram Crystal Meth HQ CRYSTAL","$ 49.00","http://wzvsz3g6dodj2fyh.onion/product/127"
51,"10 X F.C. - Ecstasy","$ 59.00","http://wzvsz3g6dodj2fyh.onion/product/111"
52,"50 Gram Crystal Meth","$ 399.00","http://wzvsz3g6dodj2fyh.onion/product/125"
53,"100XTC PILLS Dolphins 180mg - Ecstasy","$ 119.00","http://wzvsz3g6dodj2fyh.onion/product/113"
54,"Afghan Kush - Cannabis 50g","$ 90.00","http://wzvsz3g6dodj2fyh.onion/product/71"
55,"100 Tabs LSD","$ 299.00","http://wzvsz3g6dodj2fyh.onion/product/119"
56,"Synthetic Coke 1g","$ 33.00","http://wzvsz3g6dodj2fyh.onion/product/107"
57,"High Grade Cocaine 91% Pure 1g","$ 29.00","http://wzvsz3g6dodj2fyh.onion/product/105"
58,"Columbia Cocaine 1g","$ 69.00","http://wzvsz3g6dodj2fyh.onion/product/106"
59,"Pure Fish Scale Cocaine 1g","$ 399.00","http://wzvsz3g6dodj2fyh.onion/product/109"
60,"Afghan Kush - Cannabis 100g","$ 159.00","http://wzvsz3g6dodj2fyh.onion/product/72"
61,"Black Label Kush - Cannabis 20g","$ 79.00","http://wzvsz3g6dodj2fyh.onion/product/78"
62,"Shiva Shanti II® X20 - Seeds Cannabis","$ 14.00","http://wzvsz3g6dodj2fyh.onion/product/97"
63,"Asteroid OG - Cannabis 20g","$ 90.00","http://wzvsz3g6dodj2fyh.onion/product/77"
64,"10 X Gold Bar 260mg - Ecstasy","$ 20.00","http://wzvsz3g6dodj2fyh.onion/product/110"
65,"Feminized Mix X20 - Seeds Cannabis","$ 14.00","http://wzvsz3g6dodj2fyh.onion/product/93"
66,"100 x 9mm Bullets for Glock 19","50 GBP = 0.00884 ฿","http://tuu66yxvrnn3of7l.onion/cart.php"
67,"Walther P99 - 9mm - new and unused","650 GBP = 0.11498 ฿","http://tuu66yxvrnn3of7l.onion/cart.php"
68,"100 x 9mm Bullets for Walther P99","50 GBP = 0.00884 ฿","http://tuu66yxvrnn3of7l.onion/cart.php"
69,"Glock 19 - 9mm - new and unused","500 GBP = 0.08845 ฿","http://tuu66yxvrnn3of7l.onion/cart.php"
70,"Beretta 92A1","$502.00","http://markethphla6dglv.onion/?product=beretta-92a1"
71,"Winchester 5.56 NATO Ammunition 900 Rounds","$159.00","http://markethphla6dglv.onion/?product=22lr-remington-10-boxes-of-50-500-rnds"
72,"Ruger AR556","$2,100.00","http://markethphla6dglv.onion/?product=ruger-ar556"
73,"Ak 47 (7.62×39)","$990.00","http://markethphla6dglv.onion/?product=ak-47-7-62x39"
74,"GLOCK G40 G4","$950.00","http://markethphla6dglv.onion/?product=glock-g40-g4"
75,"Ruger 10/22","$2,500.00","http://markethphla6dglv.onion/?product=ruger-10-22"
76,"Glock G17 Gen5","$650.00","http://markethphla6dglv.onion/?product=glock-g17-gen5"
77,"Springfield Saint","$1,850.00","http://markethphla6dglv.onion/?product=springfield-saint"
78,"ammo Walther PPK, Kal.7,65(2×100 per box=200)","$156.00","http://markethphla6dglv.onion/?product=ammo-walther-ppk-kal-76550-per-box"
79,"Heckler & Koch MP5 A5 .22LR","$340.00","http://markethphla6dglv.onion/?product=heckler-koch-mp5-a5-22lr"
80,"Springfield Saint","$1,900.00","http://markethphla6dglv.onion/?product=springfield-saint"
81,"Glock 41 Gen 4","$550.00","http://markethphla6dglv.onion/?product=glock-41-gen-4"
82,"Detonics MKVI, Combat","$870.00","http://markethphla6dglv.onion/?product=detonics-mkvi-combat"
83,"Saiga AK 47 Izhmash","$3,100.00","http://markethphla6dglv.onion/?product=saiga-ak-47-izhmash"
84,"Ruger Precision","$3,900.00","http://markethphla6dglv.onion/?product=ruger-precision"
85,"5.56 NATO 55 GR FMJ 1000 Round Case","$310.00","http://markethphla6dglv.onion/?product=5-56-nato-55-gr-fmj-1000-round-case"
86,"Winchester Lake City 5.56 NATO Ammo 1000","$178.00","http://markethphla6dglv.onion/?product=223-remington-5-56-10-boxes-of-20-200-rnds"
87,"ammo Desert Eagle IMI, Kal.44(100 per box)","$172.00","http://markethphla6dglv.onion/?product=ammo-desert-eagle-imi-kal-4450-per-box"
88,"Glock 19 Gen 3","$395.00","http://markethphla6dglv.onion/?product=glock-19-gen-3"
89,"AK-47-Kalashnikov Full Auto","$800.00","http://markethphla6dglv.onion/?product=ak-47-kalashnikov-full-auto"
90,"Remington Rand 1911","$6,000.00","http://markethphla6dglv.onion/?product=remington-rand-1911"
91,"Glock 43X 9mm","$680.00","http://markethphla6dglv.onion/?product=glock-43x-9mm"
92,"ammo SIG Sauer P226 AL SO DAO, Kal. 9mmP(100 per box)","$144.00","http://markethphla6dglv.onion/?product=ammo-sig-sauer-p226-al-so-dao-kal-9mmp50-per-box"
93,"Bluegrass Armory Moonshiner Bullpup .308 Winchester","$1,580.00","http://markethphla6dglv.onion/?product=bluegrass-armory-moonshiner-bullpup-308-winchester"
94,"AMT Backup 380auto","$1,070.00","http://markethphla6dglv.onion/?product=amt-backup-380auto"
95,"9mm – 115 Grain FMJ – Tula – 1000 Rounds","$300.00","http://markethphla6dglv.onion/?product=9mm-115-grain-fmj-tula-1000-rounds"
96,"Sig Sauer P320","$496.00","http://markethphla6dglv.onion/?product=sig-sauer-p320"
97,"Browning BPT Target .45 ACP Ammunition 230 Grain FMJ 920 fps","$139.00","http://markethphla6dglv.onion/?product=45-acp-fmj50-per-box"
98,"Glock 19X American Flag","$750.00","http://markethphla6dglv.onion/?product=glock-19x-american-flag"
99,"Glock 26 Gen 4","$550.00","http://markethphla6dglv.onion/?product=glock-26-gen-4"
100,"Detonics MKVI, Combat","$920.00","http://markethphla6dglv.onion/?product=detonics-mkvi-combat"
101,"Colt Mustang Pocketlite .380","$460.00","http://markethphla6dglv.onion/?product=colt-mustang-pocketlite-380"
102,"HK USP .45","$500.00","http://markethphla6dglv.onion/?product=hk-usp-45"
103,"Fiocchi .308 Win Ammunition 180 Grain Hornady","$205.00","http://markethphla6dglv.onion/?product=308-win-7-62x51-5-boxes-of-20-100-rnds"
104,"FN SCAR 17S 16.25″ 7.62×51","$1,430.00","http://markethphla6dglv.onion/?product=fn-scar-17s-16-25-7-62x51"
105,"SIG SAUER P365","$695.00","http://markethphla6dglv.onion/?product=sig-sauer-p365"
106,"Century Arms Centurion 39 AK 7.62×39","$680.00","http://markethphla6dglv.onion/?product=century-arms-centurion-39-ak-7-62x39"
107,"Taurus PT92 AF","$700.00","http://markethphla6dglv.onion/?product=taurus-pt92-af"
108,"9mm Ammo Brown Bear Luger 115gr FMJ Steel","$148.00","http://markethphla6dglv.onion/?product=9mm-ammo-115gr-fmj-50-per-box"
109,"40 S&W Ammunition 800 Rounds Two Ammo Cans","$139.00","http://markethphla6dglv.onion/?product=40-sw-fmj-50-per-box"
110,".380 ACP Ammunition 95 Grain FMJ 980 fps","$149.00","http://markethphla6dglv.onion/?product=380-acp-fmj-50-per-box"
111,"SIG SAUER P365","$750.00","http://markethphla6dglv.onion/?product=sig-sauer-p365"
112,"Glock 19X American Flag","$690.00","http://markethphla6dglv.onion/?product=glock-19x-american-flag"
113,"CZ-USA CZ 75","$480.00","http://markethphla6dglv.onion/?product=cz-usa-cz-75"
114,"IWI Uzi SMG .22 LR Walther","$390.00","http://markethphla6dglv.onion/?product=iwi-uzi-smg-22-lr-walther"
115,"Ak 47 (7.62×39)","$1,050.00","http://markethphla6dglv.onion/?product=ak-47-7-62x39"
116,"308 – 150 Grain FMJ – Tula – 500 Rounds","$300.00","http://markethphla6dglv.onion/?product=308-150-grain-fmj-tula-500-rounds"
117,"COLT OFFICER’S MODEL","$1,700.00","http://markethphla6dglv.onion/?product=colt-officers-model"
118,"Diamondback Firearms DB15","$2,900.00","http://markethphla6dglv.onion/?product=diamondback-firearms-db15"
119,"Kimber Micro 9","$425.00","http://markethphla6dglv.onion/?product=kimber-micro-9"
120,"5.56 NATO 55 GR FMJ 1000 Round Case","$320.00","http://markethphla6dglv.onion/?product=5-56-nato-55-gr-fmj-1000-round-case"
121,"Glock 43X 9mm","$750.00","http://markethphla6dglv.onion/?product=glock-43x-9mm"
122,"Colt AR15","$2,200.00","http://markethphla6dglv.onion/?product=colt-ar15"
123,"Sig Sauer P320","$516.00","http://markethphla6dglv.onion/?product=sig-sauer-p320"
124,"CZ Scorpion Evo 3 S1","$750.00","http://markethphla6dglv.onion/?product=cz-scorpion-evo-3-s1"
125,"GLOCK 17 GEN4","$780.00","http://markethphla6dglv.onion/?product=glock-17-gen4"
126,"Century Zastava N-PAP M70 AK-47","$480.00","http://markethphla6dglv.onion/?product=century-zastava-n-pap-m70-ak-47"
127,"Beretta M92","$550.00","http://markethphla6dglv.onion/?product=beretta-m92"
128,"Hi Point .40 S&W Carbine w/ 3 Mags","$210.00","http://markethphla6dglv.onion/?product=hi-point-40-sw-carbine-w-3-mags"
129,"1g DMT freebase, pure","0.0199 ฿","http://bitpharplh2t5fxm.onion//l/login.php"
130,"50g MDMA Crystals","0.1838 ฿","http://bitpharplh2t5fxm.onion//l/login.php"
131,"10 x LSD Blotter 200yg Hofmann","0.0156 ฿","http://bitpharplh2t5fxm.onion//l/login.php"
132,"2g pure Cocaine","0.0294 ฿","http://bitpharplh2t5fxm.onion//l/login.php"
133,"5g pure Cocaine","0.069 ฿","http://bitpharplh2t5fxm.onion//l/login.php"
134,"50g pure Speed","0.0716 ฿","http://bitpharplh2t5fxm.onion//l/login.php"
135,"100g pure Speed","0.1193 ฿","http://bitpharplh2t5fxm.onion//l/login.php"
136,"100 x capsules Tramadol - 150mg/capsule","0.0173 ฿","http://bitpharplh2t5fxm.onion//l/login.php"
137,"10 x 30mg Oxycodone (Oxycodone Hydrochloride)","0.0293 ฿","http://bitpharplh2t5fxm.onion//l/login.php"
138,"50 x 30mg Oxycodone (Oxycodone Hydrochloride)","0.1103 ฿","http://bitpharplh2t5fxm.onion//l/login.php"
139,"10g pure synthetic Mescaline","0.135 ฿","http://bitpharplh2t5fxm.onion//l/login.php"
140,"500 x Generic Viagra 100mg","0.0641 ฿","http://bitpharplh2t5fxm.onion//l/login.php"
141,"100 x Xanax 2mg","0.0285 ฿","http://bitpharplh2t5fxm.onion//l/login.php"
142,"25g pure Cocaine","0.2528 ฿","http://bitpharplh2t5fxm.onion//l/login.php"
143,"50 x LSD Blotter 200yg Hofmann","0.0551 ฿","http://bitpharplh2t5fxm.onion//l/login.php"
144,"10g pure Crystal Meth","0.0739 ฿","http://bitpharplh2t5fxm.onion//l/login.php"
145,"100 x Generic Viagra 100mg","0.0184 ฿","http://bitpharplh2t5fxm.onion//l/login.php"
146,"100 x LSD Blotter 200yg Hofmann","0.1009 ฿","http://bitpharplh2t5fxm.onion//l/login.php"
147,"2g pure Crystal Meth","0.0184 ฿","http://bitpharplh2t5fxm.onion//l/login.php"
148,"10g pure Speed","0.0165 ฿","http://bitpharplh2t5fxm.onion//l/login.php"
149,"100g Ketamine Crystals","0.1654 ฿","http://bitpharplh2t5fxm.onion//l/login.php"
150,"50 x Original Kamagra 100mg","0.0184 ฿","http://bitpharplh2t5fxm.onion//l/login.php"
151,"10g DMT freebase, pure","0.1564 ฿","http://bitpharplh2t5fxm.onion//l/login.php"
152,"1g pure Cocaine","0.0156 ฿","http://bitpharplh2t5fxm.onion//l/login.php"
153,"100 x Generic Cialis 20mg","0.0184 ฿","http://bitpharplh2t5fxm.onion//l/login.php"
154,"1g pure synthetic Mescaline","0.0146 ฿","http://bitpharplh2t5fxm.onion//l/login.php"
155,"5 ounces of OG Kush","475 USD = 0.06769 ฿","http://smoker32pk4qt3mx.onion/cart.php"
156,"5 ounces of Original Haze","465 USD = 0.06626 ฿","http://smoker32pk4qt3mx.onion/cart.php"
157,"1 ounce of OG Kush","135 USD = 0.01924 ฿","http://smoker32pk4qt3mx.onion/cart.php"
158,"1 ounce of Original Haze","130 USD = 0.01853 ฿","http://smoker32pk4qt3mx.onion/cart.php"
159,"CZ 75 SP - 01 Shadow 9mm LugerPrice: €600=฿0.0954","Shot Gun Benelli M1 with collimatorPrice: €600=฿0.0954","http://luckp47s6xhz26rn.onion/"
160,"Sniper Rifle Mauser k-98,optics Hensoldt WetzlarPrice: €1800=฿0.2863","Sniper Rifle Mauser k-98,optics Hensoldt WetzlarPrice: €1800=฿0.2863","http://luckp47s6xhz26rn.onion/"
161,"CZ 75B, 9mmPrice: €600=฿0.0954","CZ 75B, 9mmPrice: €600=฿0.0954","http://luckp47s6xhz26rn.onion/"
162,"RPG-75 68mm 3.1 kg (Complete) 630mm (Stowed), 890mm (Extended)Price: €450=฿0.0716","RPG-75 68mm 3.1 kg (Complete) 630mm (Stowed), 890mm (Extended)Price: €450=฿0.0716","http://luckp47s6xhz26rn.onion/"
163,"Smith & Wesson, mod. 686 357 Magnum 2,5Price: €600=฿0.0954","Smith & Wesson, mod. 686 357 Magnum 2,5Price: €600=฿0.0954","http://luckp47s6xhz26rn.onion/"
164,"Glock 21c, .45 automatic colt pistolPrice: €600=฿0.0954","Glock 21c, .45 automatic colt pistolPrice: €600=฿0.0954","http://luckp47s6xhz26rn.onion/"
165,"Glock 22 IV kal.40SW.Price: €600=฿0.0954","Glock 22 IV kal.40SW.Price: €600=฿0.0954","http://luckp47s6xhz26rn.onion/"
166,"CZ 75B 9mm Luger+Adapter Kadet .2Price: €700=฿0.1113","CZ 75B 9mm Luger+Adapter Kadet .2Price: €700=฿0.1113","http://luckp47s6xhz26rn.onion/"
167,"CZ 75, special editionPrice: €600=฿0.0954","CZ 75, special editionPrice: €600=฿0.0954","http://luckp47s6xhz26rn.onion/"
168,"AK - 47 7.62x39Price: €700=฿0.1113","AK - 47 7.62x39Price: €700=฿0.1113","http://luckp47s6xhz26rn.onion/"
169,"Mini Uzi .45 ACP Price: €960=฿0.1527","Mini Uzi .45 ACP Price: €960=฿0.1527","http://luckp47s6xhz26rn.onion/"
170,"CZ 85 9mm LugerPrice: €600=฿0.0954","CZ 85 9mm LugerPrice: €600=฿0.0954","http://luckp47s6xhz26rn.onion/"
171,"Glock 9x21 with supressorePrice: €700=฿0.1113","Glock 9x21 with supressorePrice: €700=฿0.1113","http://luckp47s6xhz26rn.onion/"
172,"STI LS 40 cal. 40 SWPrice: €650=฿0.1034","STI LS 40 cal. 40 SWPrice: €650=฿0.1034","http://luckp47s6xhz26rn.onion/"
173,"Kerner Suhl kal. 9,3x72RPrice: €1500=฿0.2386","Kerner Suhl kal. 9,3x72RPrice: €1500=฿0.2386","http://luckp47s6xhz26rn.onion/"
174,"Beretta 92 FS INOXPrice: €700=฿0.1113","Beretta 92 FS INOXPrice: €700=฿0.1113","http://luckp47s6xhz26rn.onion/"
175,"Glock 9x21 with supressorePrice: €700=฿0.1113","AR15, 5.56 NATO Price: €880=฿0.1400","http://luckp47s6xhz26rn.onion/"
176,"Glock 17, 3.gen, 9x19mmPrice: €600=฿0.0954","Glock 17, 3.gen, 9x19mmPrice: €600=฿0.0954","http://luckp47s6xhz26rn.onion/"
177,"Pistol CZ Tactical with collimator, 9x19Price: €1100=฿0.1750","Pistol CZ Tactical with collimator, 9x19Price: €1100=฿0.1750","http://luckp47s6xhz26rn.onion/"
178,"Springfield XD - M .40 S&WPrice: €650=฿0.1034","Springfield XD - M .40 S&WPrice: €650=฿0.1034","http://luckp47s6xhz26rn.onion/"
179,"P08 American Eagle cal. 9Price: €800=฿0.1272","P08 American Eagle cal. 9Price: €800=฿0.1272","http://luckp47s6xhz26rn.onion/"
180,"Sig Sauer P229 9mm LugerPrice: €700=฿0.1113","Sig Sauer P229 9mm LugerPrice: €700=฿0.1113","http://luckp47s6xhz26rn.onion/"
181,"Glock 17 Luger, 9x19+ Lamp original GlockPrice: €700=฿0.1113","Glock 17 Luger, 9x19+ Lamp original GlockPrice: €700=฿0.1113","http://luckp47s6xhz26rn.onion/"
182,"CZ 75 SP - 01 Shadow 9mm LugerPrice: €600=฿0.0954","CZ 75 SP - 01 Shadow 9mm LugerPrice: €600=฿0.0954","http://luckp47s6xhz26rn.onion/"
183,"Norinco 1911 A1 Dual Tone, .45Price: €600=฿0.0954","Norinco 1911 A1 Dual Tone, .45Price: €600=฿0.0954","http://luckp47s6xhz26rn.onion/"
184,"GSG 5 SD cal.22LR with collimator Red DotPrice: €600=฿0.0954","GSG 5 SD cal.22LR with collimator Red DotPrice: €600=฿0.0954","http://luckp47s6xhz26rn.onion/"
185,"CZ 75B, 9mm LugerPrice: €600=฿0.0954","CZ 75B, 9mm LugerPrice: €600=฿0.0954","http://luckp47s6xhz26rn.onion/"
186,"GSG 5 .22LR with optics 6x32Price: €600=฿0.0954","GSG 5 .22LR with optics 6x32Price: €600=฿0.0954","http://luckp47s6xhz26rn.onion/"
187,"Gock 34 4Gen kal.9LUGERPrice: €700=฿0.1113","Gock 34 4Gen kal.9LUGERPrice: €700=฿0.1113","http://luckp47s6xhz26rn.onion/"
188,"RPG-7D Several Sizes of Overcaliber Rockets 6.3 kg 650mm/950mmPrice: €1100=฿0.1750","RPG-7D Several Sizes of Overcaliber Rockets 6.3 kg 650mm/950mmPrice: €1100=฿0.1750","http://luckp47s6xhz26rn.onion/"
189,"GLOCK 19 Gen4 9mm LugerPrice: €600=฿0.0954","GLOCK 19 Gen4 9mm LugerPrice: €600=฿0.0954","http://luckp47s6xhz26rn.onion/"
190,"Sig Pro SP2009 9mm LugerPrice: €650=฿0.1034","Sig Pro SP2009 9mm LugerPrice: €650=฿0.1034","http://luckp47s6xhz26rn.onion/"
191,"Automatic feed Shot Gun Saiga 12K, cal.12/76Price: €600=฿0.0954","Automatic feed Shot Gun Saiga 12K, cal.12/76Price: €600=฿0.0954","http://luckp47s6xhz26rn.onion/"
192,"CZ 858 Tactical P Semi automaticPrice: €600=฿0.0954","CZ 858 Tactical P Semi automaticPrice: €600=฿0.0954","http://luckp47s6xhz26rn.onion/"
193,"Glock 26 IV kal.LugerPrice: €600=฿0.0954","Glock 26 IV kal.LugerPrice: €600=฿0.0954","http://luckp47s6xhz26rn.onion/"
194,"GSG  5, cal.22LR Price: €500=฿0.0795","GSG  5, cal.22LR Price: €500=฿0.0795","http://luckp47s6xhz26rn.onion/"
195,"Ruger KGP 161, 357 MagnumPrice: €600=฿0.0954","Ruger KGP 161, 357 MagnumPrice: €600=฿0.0954","http://luckp47s6xhz26rn.onion/"
196,"Taurus 357 Magnum mod. 689Price: €500=฿0.0795","Taurus 357 Magnum mod. 689Price: €500=฿0.0795","http://luckp47s6xhz26rn.onion/"
197,"Bernardelli Praktical  9x21mm IMIPrice: €700=฿0.1113","Bernardelli Praktical  9x21mm IMIPrice: €700=฿0.1113","http://luckp47s6xhz26rn.onion/"
198,"CZ 75 SP - 01 Shadow 9mmPrice: €700=฿0.1113","CZ 75 SP - 01 Shadow 9mmPrice: €700=฿0.1113","http://luckp47s6xhz26rn.onion/"
199,"Scorpion CZ 91S, SA 61 AutomaticPrice: €700=฿0.1113","Scorpion CZ 91S, SA 61 AutomaticPrice: €700=฿0.1113","http://luckp47s6xhz26rn.onion/"
200,"Sig Sauer P229S .357Price: €1000=฿0.1591","Sig Sauer P229S .357Price: €1000=฿0.1591","http://luckp47s6xhz26rn.onion/"
201,"Springfield Armory Colt 1911 0.45Price: €700=฿0.1113","Springfield Armory Colt 1911 0.45Price: €700=฿0.1113","http://luckp47s6xhz26rn.onion/"
202,"CZ Scorpion EVO 3 A1Price: €1150=฿0.1829","Glock30 4GEN kal.45ACP Price: €700=฿0.1113","http://luckp47s6xhz26rn.onion/"
203,"Nightforce ATACR 5-25-56 ZerostopPrice: €1300=฿0.2068","Nightforce ATACR 5-25-56 ZerostopPrice: €1300=฿0.2068","http://luckp47s6xhz26rn.onion/"
204,"CZ 858 Tactical 7,62x39Price: €700=฿0.1113","CZ 858 Tactical 7,62x39Price: €700=฿0.1113","http://luckp47s6xhz26rn.onion/"
205,"GL42 IV kal.380 AUTOPrice: €500=฿0.0795","GL42 IV kal.380 AUTOPrice: €500=฿0.0795","http://luckp47s6xhz26rn.onion/"
206,"Walther P38, The production year 1944Price: €600=฿0.0954","Walther P38, The production year 1944Price: €600=฿0.0954","http://luckp47s6xhz26rn.onion/"
207,"CZ 75D, Compact PCR 9mmPrice: €600=฿0.0954","CZ 75D, Compact PCR 9mmPrice: €600=฿0.0954","http://luckp47s6xhz26rn.onion/"
208,"CZ Scorpion EVO 3 A1Price: €1150=฿0.1829","CZ Scorpion EVO 3 A1Price: €1150=฿0.1829","http://luckp47s6xhz26rn.onion/"
209,"Colt Police Positive MK V cal. 38Price: €600=฿0.0954","Colt Police Positive MK V cal. 38Price: €600=฿0.0954","http://luckp47s6xhz26rn.onion/"
210,"Sniper Rifle SVD DragunovPrice: €1500=฿0.2386","Sniper Rifle SVD DragunovPrice: €1500=฿0.2386","http://luckp47s6xhz26rn.onion/"
211,"Glock 17 IV kal.9LugerPrice: €600=฿0.0954","Glock 17 IV kal.9LugerPrice: €600=฿0.0954","http://luckp47s6xhz26rn.onion/"
212,"Heckler & Koch USP .45ACPPrice: €600=฿0.0954","Heckler & Koch USP .45ACPPrice: €600=฿0.0954","http://luckp47s6xhz26rn.onion/"
213,"Remington 1911 R1 .45ACPPrice: €600=฿0.0954","Remington 1911 R1 .45ACPPrice: €600=฿0.0954","http://luckp47s6xhz26rn.onion/"
214,"Springfield 1911A1 cal. 45Price: €700=฿0.1113","Springfield 1911A1 cal. 45Price: €700=฿0.1113","http://luckp47s6xhz26rn.onion/"
215,"Glock 19 gen. 4, ca. 9x19mmPrice: €600=฿0.0954","Glock 19 gen. 4, ca. 9x19mmPrice: €600=฿0.0954","http://luckp47s6xhz26rn.onion/"
216,"Beretta 92 FS 9mm LugerPrice: €600=฿0.0954","Beretta 92 FS 9mm LugerPrice: €600=฿0.0954","http://luckp47s6xhz26rn.onion/"
217,"Glock 17 gen.4, 9x19mmPrice: €700=฿0.1113","Glock 17 gen.4, 9x19mmPrice: €700=฿0.1113","http://luckp47s6xhz26rn.onion/"
218,"AEK 971, full autoPrice: €700=฿0.1113","AEK 971, full autoPrice: €700=฿0.1113","http://luckp47s6xhz26rn.onion/"
219,"CZ 83 Jane .22LRPrice: €600=฿0.0954","CZ 83 Jane .22LRPrice: €600=฿0.0954","http://luckp47s6xhz26rn.onion/"
220,"CZ 75 SP - 01 Shadow 9mm LugerPrice: €700=฿0.1113","CZ 75 SP - 01 Shadow 9mm LugerPrice: €700=฿0.1113","http://luckp47s6xhz26rn.onion/"
221,"Springfield 1911 cal. 45 ACPPrice: €700=฿0.1113","Springfield 1911 cal. 45 ACPPrice: €700=฿0.1113","http://luckp47s6xhz26rn.onion/"
222,"Ruger Super Redhawk 44 MagnumPrice: €700=฿0.1113","Ruger Super Redhawk 44 MagnumPrice: €700=฿0.1113","http://luckp47s6xhz26rn.onion/"
223,"CZ SP-01 Shadow duotone 9 mm LugerPrice: €700=฿0.1113","CZ SP-01 Shadow duotone 9 mm LugerPrice: €700=฿0.1113","http://luckp47s6xhz26rn.onion/"
224,"XTC – pink Chupa Chups 130mg+","4.00 €","http://amazingd64el2zty.onion/?product=xtc-pink-chupa-chups"
225,"XTC – Gold Bars / Goldbarren 200mg+","5.00 €","http://amazingd64el2zty.onion/?product=shiny-flakes-xtc-gold-bars-goldbarren-200mg"
226,"Fentanyl 100 µg/h – 16,8mg/42cm² – EU Ware","119.00 €","http://amazingd64el2zty.onion/?product=fentanyl-100-µgh-168mg42cm²-eu-ware"
227,"Moroccan Super Polm Hash 6-******","12.00 €","http://amazingd64el2zty.onion/?product=shiny-flakes-moroccan-super-polm-hash-6"
228,"XTC – Heineken 200~250mg","5.00 €","http://amazingd64el2zty.onion/?product=xtc-heineken-200mg"
229,"Shiny-Flakes XTC – pink Burger King ~300mg – EXKLUSIV BEI SHINY-FLAKES","6.00 €","http://amazingd64el2zty.onion/?product=shiny-flakes-xtc-pink-burger-king-250mg-exklusiv-bei-shiny-flakes"
230,"Moroccan Super Polm Hash 4-****","8.00 €","http://amazingd64el2zty.onion/?product=shiny-flakes-moroccan-super-polm-hash-4"
231,"Delicious Speed Paste","4.00 €","http://amazingd64el2zty.onion/?product=speed-paste-72"
232,"Clean Meth","119.00 €","http://amazingd64el2zty.onion/?product=shiny-flakes-sauberes-meth"
233,"XTC – brown Mortal Kombat 70mg~80mg – SHINY-FLAKES EXCLUSIVE","3.00 €","http://amazingd64el2zty.onion/?product=xtc-purple-mortal-kombat-70mg80mg-shiny-flakes-exclusive"
234,"XTC – Lucky Clovers / Glückskleeblätter 130mg+","4.00 €","http://amazingd64el2zty.onion/?product=shiny-flakes-xtc-lucky-clovers-gluckskleeblatter-130mg"
235,"MDMA 84% purity","21.00 €","http://amazingd64el2zty.onion/?product=shiny-flakes-mdma-86-reinheit"
300,"5g Banana Kush","45 EUR = 0.00699 ฿","http://25ffhnaechrbzwf3.onion/cart.php"
236,"Tramadol 200mg ( Tramal , Trodon ) im Blister – EU Ware","29.00 €","http://amazingd64el2zty.onion/?product=tramadol-200mg-tramal-trodon-im-blister-eu-ware"
237,"XTC – yellow UPS 200~250mg","5.00 €","http://amazingd64el2zty.onion/?product=xtc-yellow-ups-200250mg"
238,"Mazar-i-Sharif Afghani Hash (Super Quality Seal – ***)","5.00 €","http://amazingd64el2zty.onion/?product=shiny-flakes-mazar-i-sharif-afghani-hash-super-quality-seal-2"
239,"High-class Cocaine (Colombia/Peru)","99.00 €","http://amazingd64el2zty.onion/?product=shiny-flakes-hochwertiges-kokain"
240,"XTC – red Chupa Chups 130mg","5.00 €","http://amazingd64el2zty.onion/?product=shiny-flakes-xtc-rote-chupa-chups-130mg"
241,"Alprazolam 1mg ( Tafil , Xanax , Ksalol ) im Blister – EU Ware","26.00 €","http://amazingd64el2zty.onion/?product=alprazolam-1mg-tafil-xanax-ksalol-im-blister-eu-ware"
242,"Ice-o-Lator Hash 7-*******","16.00 €","http://amazingd64el2zty.onion/?product=ice-o-lator-hash-7"
243,"LSD – Anonymous 140µg blotters","7.00 €","http://amazingd64el2zty.onion/?product=lsd-anonymous-140µg-blotters"
244,"XTC – green Chupa Chups 100~120mg – SHINY-FLAKES EXCLUSIVE","4.00 €","http://amazingd64el2zty.onion/?product=shiny-flakes-xtc-grune-chupa-chups-100mg-exklusiv-bei-shiny-flakes"
245,"Glock 22","Price : 650$ (0.09597024 BTC)","http://gunstry2lzpvf47i.onion/payment.php"
246,"Heckler & Koch MP5 A5 .22LR","Price : 800$ (0.11811722 BTC)","http://gunstry2lzpvf47i.onion/payment.php"
247,"Beretta 92FS t","Price : 650$ (0.09597024 BTC)","http://gunstry2lzpvf47i.onion/payment.php"
248,"50g Organic White Russian","295 EUR = 0.04581 ฿","http://rso4hutlefirefqp.onion/cart.php"
249,"7g Organic Chronic","70 EUR = 0.01087 ฿","http://rso4hutlefirefqp.onion/cart.php"
250,"14g Organic White Russian","120 EUR = 0.01864 ฿","http://rso4hutlefirefqp.onion/cart.php"
251,"3.5g Organic Chronic","42 EUR = 0.00652 ฿","http://rso4hutlefirefqp.onion/cart.php"
252,"14g Organic Chronic","120 EUR = 0.01864 ฿","http://rso4hutlefirefqp.onion/cart.php"
253,"7g Organic White Russian","70 EUR = 0.01087 ฿","http://rso4hutlefirefqp.onion/cart.php"
254,"50g Organic Chronic","295 EUR = 0.04581 ฿","http://rso4hutlefirefqp.onion/cart.php"
255,"3.5g Organic White Russian","42 EUR = 0.00652 ฿","http://rso4hutlefirefqp.onion/cart.php"
256,"50g Marocc Hash","200 EUR = 0.03106 ฿","http://kbvbh4kdddiha2ht.onion/cart.php"
257,"500g Marocc Hash","1500 EUR = 0.23294 ฿","http://kbvbh4kdddiha2ht.onion/cart.php"
258,"100g Marocc Hash","350 EUR = 0.05435 ฿","http://kbvbh4kdddiha2ht.onion/cart.php"
259,"Kamagra Polo 100mg x 35","49 GBP = 0.00859 ฿","http://k4btcoezc5tlxyaf.onion/cart.php"
260,"Kamagra Polo 100mg x 7","15 GBP = 0.00263 ฿","http://k4btcoezc5tlxyaf.onion/cart.php"
261,"Apcalis 20mg x 8","16 GBP = 0.00280 ฿","http://k4btcoezc5tlxyaf.onion/cart.php"
262,"Kamagra Oral Jelly 100mg x 28","62 GBP = 0.01086 ฿","http://k4btcoezc5tlxyaf.onion/cart.php"
263,"Kamagra Oral Jelly 100mg x 21","50 GBP = 0.00876 ฿","http://k4btcoezc5tlxyaf.onion/cart.php"
264,"Kamagra 100mg x 12","15 GBP = 0.00263 ฿","http://k4btcoezc5tlxyaf.onion/cart.php"
265,"Super Kamagra 100mg x 12","47 GBP = 0.00823 ฿","http://k4btcoezc5tlxyaf.onion/cart.php"
266,"Apcalis 20mg x 16","29 GBP = 0.00508 ฿","http://k4btcoezc5tlxyaf.onion/cart.php"
267,"Kamagra Soft 100mg x 12","16 GBP = 0.00280 ฿","http://k4btcoezc5tlxyaf.onion/cart.php"
268,"Kamagra 100mg x 52","50 GBP = 0.00876 ฿","http://k4btcoezc5tlxyaf.onion/cart.php"
269,"Kamagra Soft 100mg x 100","78 GBP = 0.01367 ฿","http://k4btcoezc5tlxyaf.onion/cart.php"
270,"Kamagra 100mg x 24","28 GBP = 0.00491 ฿","http://k4btcoezc5tlxyaf.onion/cart.php"
271,"Apcalis Oral Jelly 20mg x 10","20 GBP = 0.00350 ฿","http://k4btcoezc5tlxyaf.onion/cart.php"
272,"Kamagra Oral Jelly 100mg x 7","18 GBP = 0.00315 ฿","http://k4btcoezc5tlxyaf.onion/cart.php"
273,"Kamagra Soft 100mg x 52","50 GBP = 0.00876 ฿","http://k4btcoezc5tlxyaf.onion/cart.php"
274,"Apcalis Oral Jelly 20mg x 50","90 GBP = 0.01577 ฿","http://k4btcoezc5tlxyaf.onion/cart.php"
275,"Kamagra Effervescent 100mg x 35","49 GBP = 0.00859 ฿","http://k4btcoezc5tlxyaf.onion/cart.php"
276,"Kamagra 100mg x 100","78 GBP = 0.01367 ฿","http://k4btcoezc5tlxyaf.onion/cart.php"
277,"Apcalis Oral Jelly 20mg x 200","330 GBP = 0.05782 ฿","http://k4btcoezc5tlxyaf.onion/cart.php"
278,"Apcalis Oral Jelly 20mg x 20","38 GBP = 0.00666 ฿","http://k4btcoezc5tlxyaf.onion/cart.php"
279,"Apcalis Oral Jelly 20mg x 100","175 GBP = 0.03066 ฿","http://k4btcoezc5tlxyaf.onion/cart.php"
280,"Kamagra Oral Jelly 100mg x 49","100 GBP = 0.01752 ฿","http://k4btcoezc5tlxyaf.onion/cart.php"
281,"Kamagra Effervescent 100mg x 21","35 GBP = 0.00613 ฿","http://k4btcoezc5tlxyaf.onion/cart.php"
282,"Apcalis 20mg x 24","42 GBP = 0.00736 ฿","http://k4btcoezc5tlxyaf.onion/cart.php"
283,"Super Kamagra 100mg x 24","70 GBP = 0.01226 ฿","http://k4btcoezc5tlxyaf.onion/cart.php"
284,"Apcalis 20mg x 12","23 GBP = 0.00403 ฿","http://k4btcoezc5tlxyaf.onion/cart.php"
285,"Kamagra Polo 100mg x 21","35 GBP = 0.00613 ฿","http://k4btcoezc5tlxyaf.onion/cart.php"
286,"Super Kamagra 100mg x 4","18 GBP = 0.00315 ฿","http://k4btcoezc5tlxyaf.onion/cart.php"
287,"Super Kamagra 100mg x 100","220 GBP = 0.03855 ฿","http://k4btcoezc5tlxyaf.onion/cart.php"
288,"Super Kamagra 100mg x 52","140 GBP = 0.02453 ฿","http://k4btcoezc5tlxyaf.onion/cart.php"
289,"Kamagra Soft 100mg x 24","28 GBP = 0.00491 ฿","http://k4btcoezc5tlxyaf.onion/cart.php"
290,"Kamagra Effervescent 100mg x 7","15 GBP = 0.00263 ฿","http://k4btcoezc5tlxyaf.onion/cart.php"
291,"Kamagra Effervescent 100mg x 14","24 GBP = 0.00420 ฿","http://k4btcoezc5tlxyaf.onion/cart.php"
292,"Apcalis 20mg x 52","73 GBP = 0.01279 ฿","http://k4btcoezc5tlxyaf.onion/cart.php"
293,"Apcalis 20mg x 100","125 GBP = 0.02190 ฿","http://k4btcoezc5tlxyaf.onion/cart.php"
294,"Kamagra Oral Jelly 100mg x 14","35 GBP = 0.00613 ฿","http://k4btcoezc5tlxyaf.onion/cart.php"
295,"Super Kamagra 100mg x 8","35 GBP = 0.00613 ฿","http://k4btcoezc5tlxyaf.onion/cart.php"
296,"Kamagra Polo 100mg x 14","24 GBP = 0.00420 ฿","http://k4btcoezc5tlxyaf.onion/cart.php"
297,"10g Original Haze","110 EUR = 0.01708 ฿","http://25ffhnaechrbzwf3.onion/cart.php"
298,"5g Jack Herer","60 EUR = 0.00932 ฿","http://25ffhnaechrbzwf3.onion/cart.php"
299,"50g Banana Kush","400 EUR = 0.06212 ฿","http://25ffhnaechrbzwf3.onion/cart.php"
301,"50g Jack Herer","480 EUR = 0.07454 ฿","http://25ffhnaechrbzwf3.onion/cart.php"
302,"1g Ice-O-Lator Hash, finest quality","35 EUR = 0.00544 ฿","http://25ffhnaechrbzwf3.onion/cart.php"
303,"5g Original Haze","65 EUR = 0.01009 ฿","http://25ffhnaechrbzwf3.onion/cart.php"
304,"1g Original Haze","15 EUR = 0.00233 ฿","http://25ffhnaechrbzwf3.onion/cart.php"
305,"10g Jack Herer","110 EUR = 0.01708 ฿","http://25ffhnaechrbzwf3.onion/cart.php"
306,"50g Original Haze","550 EUR = 0.08541 ฿","http://25ffhnaechrbzwf3.onion/cart.php"
307,"5g Ice-O-Lator Hash, finest quality","125 EUR = 0.01941 ฿","http://25ffhnaechrbzwf3.onion/cart.php"
308,"1g Jack Herer","14 EUR = 0.00217 ฿","http://25ffhnaechrbzwf3.onion/cart.php"
309,"1g Banana Kush","11 EUR = 0.00171 ฿","http://25ffhnaechrbzwf3.onion/cart.php"
310,"50 x Original Kamagra 100mg","100 EUR = 0.01553 ฿","http://s5q54hfww56ov2xc.onion/cart.php"
311,"5g pure Cocaine","250 EUR = 0.03882 ฿","http://s5q54hfww56ov2xc.onion/cart.php"
312,"100 x capsules Tramadol - 150mg/capsule","95 EUR = 0.01475 ฿","http://s5q54hfww56ov2xc.onion/cart.php"
313,"250 x LSD Blotter 200yg Hofmann","380 EUR = 0.05901 ฿","http://s5q54hfww56ov2xc.onion/cart.php"
314,"100g Ketamine Crystals","780 EUR = 0.12113 ฿","http://s5q54hfww56ov2xc.onion/cart.php"
315,"100 x LSD Blotter 200yg Hofmann","200 EUR = 0.03106 ฿","http://s5q54hfww56ov2xc.onion/cart.php"
316,"100 x Generic Viagra 100mg","100 EUR = 0.01553 ฿","http://s5q54hfww56ov2xc.onion/cart.php"
317,"2g pure Cocaine","130 EUR = 0.02019 ฿","http://s5q54hfww56ov2xc.onion/cart.php"
318,"50g pure Speed","390 EUR = 0.06057 ฿","http://s5q54hfww56ov2xc.onion/cart.php"
319,"500 x Generic Viagra 100mg","350 EUR = 0.05435 ฿","http://s5q54hfww56ov2xc.onion/cart.php"
320,"10g pure synthetic Mescaline","750 EUR = 0.11647 ฿","http://s5q54hfww56ov2xc.onion/cart.php"
321,"50g pure Crystal Meth","800 EUR = 0.12424 ฿","http://s5q54hfww56ov2xc.onion/cart.php"
322,"1g DMT freebase, pure","110 EUR = 0.01708 ฿","http://s5q54hfww56ov2xc.onion/cart.php"
323,"100 x Generic Cialis 20mg","100 EUR = 0.01553 ฿","http://s5q54hfww56ov2xc.onion/cart.php"
324,"10 x 80mg Oxycodone (Oxycodone Hydrochloride)","180 EUR = 0.02795 ฿","http://s5q54hfww56ov2xc.onion/cart.php"
325,"25g pure Cocaine","950 EUR = 0.14753 ฿","http://s5q54hfww56ov2xc.onion/cart.php"
326,"50g Ketamine Crystals","450 EUR = 0.06988 ฿","http://s5q54hfww56ov2xc.onion/cart.php"
327,"1000 x Xanax 2mg","350 EUR = 0.05435 ฿","http://s5q54hfww56ov2xc.onion/cart.php"
328,"10g DMT freebase, pure","850 EUR = 0.13200 ฿","http://s5q54hfww56ov2xc.onion/cart.php"
329,"500 x Xanax 2mg","215 EUR = 0.03339 ฿","http://s5q54hfww56ov2xc.onion/cart.php"
330,"10g pure Speed","90 EUR = 0.01398 ฿","http://s5q54hfww56ov2xc.onion/cart.php"
331,"50 x LSD Blotter 200yg Hofmann","130 EUR = 0.02019 ฿","http://s5q54hfww56ov2xc.onion/cart.php"
332,"50 x 80mg Oxycodone (Oxycodone Hydrochloride)","600 EUR = 0.09318 ฿","http://s5q54hfww56ov2xc.onion/cart.php"
333,"100g MDMA Crystals","220 EUR = 0.03417 ฿","http://s5q54hfww56ov2xc.onion/cart.php"
334,"1g pure Cocaine","75 EUR = 0.01165 ฿","http://s5q54hfww56ov2xc.onion/cart.php"
335,"1g pure synthetic Mescaline","80 EUR = 0.01242 ฿","http://s5q54hfww56ov2xc.onion/cart.php"
336,"50g MDMA Crystals","140 EUR = 0.02174 ฿","http://s5q54hfww56ov2xc.onion/cart.php"
337,"100g pure Speed","650 EUR = 0.10094 ฿","http://s5q54hfww56ov2xc.onion/cart.php"
338,"5g pure Crystal Meth","120 EUR = 0.01864 ฿","http://s5q54hfww56ov2xc.onion/cart.php"
339,"10g pure Crystal Meth","200 EUR = 0.03106 ฿","http://s5q54hfww56ov2xc.onion/cart.php"
340,"50g Purple Kush","290 GBP = 0.05130 ฿","http://fzqnrlcvhkgbdwx5.onion/cart.php"
341,"100g Purple Kush","550 GBP = 0.09729 ฿","http://fzqnrlcvhkgbdwx5.onion/cart.php"
342,"50g Afghani","280 GBP = 0.04953 ฿","http://fzqnrlcvhkgbdwx5.onion/cart.php"
343,"20g Afghani","135 GBP = 0.02388 ฿","http://fzqnrlcvhkgbdwx5.onion/cart.php"
344,"100g Afghani","535 GBP = 0.09464 ฿","http://fzqnrlcvhkgbdwx5.onion/cart.php"
345,"20g Purple Kush","140 GBP = 0.02477 ฿","http://fzqnrlcvhkgbdwx5.onion/cart.php"
346,"Walther PPQ 45","799.89€","http://5zkfuvtrpotg2nzd.onion/?product=walther-ppq-45"
347,"SIG P220","1,191.19€","http://5zkfuvtrpotg2nzd.onion/wp-content/uploads/2019/07/p220_nitron_l_sm-f.jpg"
348,"Glock G17 Gen5","$799.00","http://5zkfuvtrpotg2nzd.onion/wp-content/uploads/2019/06/20035118.jpg"
349,"SIG P320","$749.00","http://5zkfuvtrpotg2nzd.onion/?product=p320"
350,"Beretta 92 FS","$879.00","http://5zkfuvtrpotg2nzd.onion/?product=beretta-92-fs"
351,"Federal American Eagle (.38 Special)","$48.00","http://5zkfuvtrpotg2nzd.onion/wp-content/uploads/2019/08/Federal-American-Eagle-.38-Special.jpg"
352,"SIG P238","$789.00","http://5zkfuvtrpotg2nzd.onion/?product=sig-p238"
353,"Glock G42","563.29€","http://5zkfuvtrpotg2nzd.onion/wp-content/uploads/2019/07/p_GLO-90342__74394.1521864938.jpg"
354,"SIG P220","$1,309.00","http://5zkfuvtrpotg2nzd.onion/?product=sig-p220"
355,"Glock G42","$619.00","http://5zkfuvtrpotg2nzd.onion/?product=glock-g42"
356,"Beretta 92 FS","$879.00","http://5zkfuvtrpotg2nzd.onion/?post_type=product&paged=2"
357,"Federal American Eagle (9mm Luger)","$27.00","http://5zkfuvtrpotg2nzd.onion/?product=federal-american-eagle-9mm-luger"
358,"Glock G30S","918.19€","http://5zkfuvtrpotg2nzd.onion/wp-content/uploads/2019/07/kpc_5859.jpg"
359,"SIG P320","681.59€","http://5zkfuvtrpotg2nzd.onion/?product=p320"
360,"Colt M4 Carabine","$1,259.00","http://5zkfuvtrpotg2nzd.onion/?product=colt-m4-carabine"
361,"Colt M4 Carabine","1,145.69€","http://5zkfuvtrpotg2nzd.onion//?product=colt-m4-carabine&wmc-currency=EUR"
362,"Heckler & Koch","$999.00","http://5zkfuvtrpotg2nzd.onion/?product=hk-vp9"
363,"Federal American Eagle (.38 Special)","43.68€","http://5zkfuvtrpotg2nzd.onion/wp-content/uploads/2019/08/Federal-American-Eagle-.38-Special.jpg"
364,"Federal American Eagle (.38 Special)","$48.00","http://5zkfuvtrpotg2nzd.onion/?product=federal-american-eagle-38-special"
365,"9mm Luger","763.49€","http://5zkfuvtrpotg2nzd.onion/wp-content/uploads/2019/07/VP9-Web.jpg"
366,"Federal American Eagle (.45 ACP)","$50.00","http://5zkfuvtrpotg2nzd.onion/?product=federal-american-eagle-45-acp"
367,"Glock G21 Gen4","$1,009.00","http://5zkfuvtrpotg2nzd.onion/wp-content/uploads/2019/07/kpc_5859.jpg"
368,"Federal American Eagle XM855 (5.56 NATO)","151.06€","http://5zkfuvtrpotg2nzd.onion/?product=federal-american-eagle-xm855-5-56-nato"
369,"Ruger LCP II","$749.00","http://5zkfuvtrpotg2nzd.onion/?product=ruger-lcp-ii"
370,"Beretta Px4 Storm","772.59€","http://5zkfuvtrpotg2nzd.onion/wp-content/uploads/2019/07/px4stormfull_zoom002.jpg"
371,"Beretta Px4 Storm","772.59€","http://5zkfuvtrpotg2nzd.onion/?product=beretta-px4-storm"
372,"Federal American Eagle (.38 Special)","$40.00","http://5zkfuvtrpotg2nzd.onion/?product=federal-american-eagle-38-special"
373,"SIG P320","681.59€","http://5zkfuvtrpotg2nzd.onion/wp-content/uploads/2019/06/320f-9-bss_1-new-trigger.jpg"
374,"Federal American Eagle (.380 ACP)","$40.00","http://5zkfuvtrpotg2nzd.onion/?product=federal-american-eagle-380-acp"
375,"Glock G21 Gen4","918.19€","http://5zkfuvtrpotg2nzd.onion/wp-content/uploads/2019/07/kpc_5859.jpg"
376,"Beretta 92 FS","$849.00","http://5zkfuvtrpotg2nzd.onion/?product=beretta-92-fs"
377,"Federal American Eagle XM855 (5.56 NATO)","$166.00","http://5zkfuvtrpotg2nzd.onion/?product=federal-american-eagle-xm855-5-56-nato"
378,"Glock G19 Gen5","727.09€","http://5zkfuvtrpotg2nzd.onion/?product=glock-g19-gen5"
379,"Beretta 92 FS","$879.00","http://5zkfuvtrpotg2nzd.onion/wp-content/uploads/2019/06/92fs_zoom002.jpg"
380,"Glock G21 Gen4","736.19€","http://5zkfuvtrpotg2nzd.onion/?product=glock-g21-gen4"
381,"Colt M4 Carabine","1,145.69€","http://5zkfuvtrpotg2nzd.onion/wp-content/uploads/2019/08/19010-DEFAULT-l.jpg"
382,"Glock G21 Gen4","$809.00","http://5zkfuvtrpotg2nzd.onion/?product=glock-g21-gen4"
383,"SIG Sauer","$789.00","http://5zkfuvtrpotg2nzd.onion/?product=sig-p220"
384,"Beretta Px4 Storm","$1,009.00","http://5zkfuvtrpotg2nzd.onion/?product=beretta-px4-storm"
385,"Springfield XD-M","736.19€","http://5zkfuvtrpotg2nzd.onion/?product=xd-m-4-5%e2%80%b3"
386,"Glock G30S","736.19€","http://5zkfuvtrpotg2nzd.onion/?product=glock-g30s"
387,"CZ 75 B","$809.00","http://5zkfuvtrpotg2nzd.onion/?product=cz-75-b"
388,"Glock G43","$689.00","http://5zkfuvtrpotg2nzd.onion/?product=glock-g43"
389,"Glock G43","626.99€","http://5zkfuvtrpotg2nzd.onion/?product=glock-g43"
390,"Glock G17 Gen5","$799.00","http://5zkfuvtrpotg2nzd.onion/?product=glock-g17-gen5"
391,"Glock G17 Gen5","727.09€","http://5zkfuvtrpotg2nzd.onion/wp-content/uploads/2019/06/20035118.jpg"
392,"Beretta Px4 Storm","$849.00","http://5zkfuvtrpotg2nzd.onion/wp-content/uploads/2019/07/px4stormfull_zoom002.jpg"
393,"Glock G30S","$809.00","http://5zkfuvtrpotg2nzd.onion/?product=glock-g30s"
394,"Federal American Eagle (9mm Luger)","24.57€","http://5zkfuvtrpotg2nzd.onion/?product=federal-american-eagle-9mm-luger"
395,"Ruger LCP II","$459.00","http://5zkfuvtrpotg2nzd.onion/?product=ruger-lcp-ii"
396,"Springfield XD-M","$809.00","http://5zkfuvtrpotg2nzd.onion/?product=xd-m-4-5%e2%80%b3"
397,"SIG P220","$1,309.00","http://5zkfuvtrpotg2nzd.onion/wp-content/uploads/2019/07/p220_nitron_l_sm-f.jpg"
398,"Beretta 92 FS","799.89€","http://5zkfuvtrpotg2nzd.onion/wp-content/uploads/2019/06/92fs_zoom002.jpg"
399,"Walther PPQ 45","$879.00","http://5zkfuvtrpotg2nzd.onion/?product=walther-ppq-45"
400,"Glock G42","$459.00","http://5zkfuvtrpotg2nzd.onion/?product=glock-g42"
401,"Beretta Px4 Storm","$849.00","http://5zkfuvtrpotg2nzd.onion/?product=beretta-px4-storm"
402,"Glock G26 Gen5","$799.00","http://5zkfuvtrpotg2nzd.onion/?product=glock-g26-gen5"
403,"SIG P365","$749.00","http://5zkfuvtrpotg2nzd.onion/?product=sig-p365"
404,"Federal Personal Defense HST (9mm Luger)","$69.00","http://5zkfuvtrpotg2nzd.onion/?product=federal-personal-defense-hst-9mm-luger"
405,"CZ 75 B","736.19€","http://5zkfuvtrpotg2nzd.onion/wp-content/uploads/2019/06/15z_CZ75B9mm_L_91102_01102.jpg"
406,"Glock G19 Gen5","$799.00","http://5zkfuvtrpotg2nzd.onion/?product=glock-g19-gen5"
407,"Springfield XD MOD.2","663.39€","http://5zkfuvtrpotg2nzd.onion/?product=xd-mod-2"
408,"9mm Luger","$809.00","http://5zkfuvtrpotg2nzd.onion/?product_cat=9mm-luger&paged=2"
409,"Colt M4 Carabine","$1,259.00","http://5zkfuvtrpotg2nzd.onion//?product=colt-m4-carabine&wmc-currency=USD"
410,"SIG P365","681.59€","http://5zkfuvtrpotg2nzd.onion/wp-content/uploads/2019/07/365-ms-left.jpg"
411,"Ruger LCR","$619.00","http://5zkfuvtrpotg2nzd.onion/?product=ruger-lcr"
412,"Federal American Eagle XM80 (7.62 NATO)","$30.00","http://5zkfuvtrpotg2nzd.onion/?product=federal-american-eagle-xm80-7-62-nato"
413,"Springfield XD MOD.2","$729.00","http://5zkfuvtrpotg2nzd.onion/?product=xd-mod-2"
414,"Ruger LCP II","545.09€","http://5zkfuvtrpotg2nzd.onion/wp-content/uploads/2019/08/52800-Smith-Wesson-Bodyguard-Gray-No-Laser-103039_1.jpg"
415,"Colt M4 Carabine","$1,259.00","http://5zkfuvtrpotg2nzd.onion/wp-content/uploads/2019/08/19010-DEFAULT-l.jpg"
416,"Ruger LCR","$619.00","http://5zkfuvtrpotg2nzd.onion/?product=mp-bodyguard-38"
417,"Federal American Eagle XM80 (7.62 NATO)","27.30€","http://5zkfuvtrpotg2nzd.onion/?product=federal-american-eagle-xm80-7-62-nato"
418,"9mm Luger","$839.00","http://5zkfuvtrpotg2nzd.onion/wp-content/uploads/2019/07/VP9-Web.jpg"
